user1_ID,user2_ID,confirm_status
B09701046,B11401004,Disagree
B11102037,B08611108,Disagree
B11612126,B09103118,Unconfirm
B11403137,R11259015,Unconfirm
R11622109,B10202125,Disagree
R10525033,R10947022,Disagree
B11402029,R10B42033,Agree
F08923049,R11224049,Disagree
R11521140,B09503044,Unconfirm
B08612091,B10401026,Disagree
B09901012,B10703065,Agree
B09101042,B11904009,Disagree
B11104013,B10301102,Unconfirm
R10723012,R08121072,Unconfirm
B07101060,B11901072,Disagree
B10302054,B10603055,Unconfirm
B08503049,R10943008,Agree
B10805015,B12112151,Disagree
B10202170,R11121068,Disagree
B09902011,R11255033,Unconfirm
B09701012,R11122039,Disagree
R11948003,B11501003,Unconfirm
B08501001,R09621102,Disagree
R11228037,B09507013,Unconfirm
B11502109,B10205015,Agree
B11613012,R11H42054,Agree
B08102031,B10106033,Disagree
B09A02024,F09544004,Unconfirm
B11402045,B11902024,Agree
B09501309,B09404016,Disagree
B09501073,B11701079,Unconfirm
B09401152,F10943026,Unconfirm
R10723036,D09B45060,Disagree
B09602011,R09626044,Disagree
B11B04013,B09701101,Agree
B09606035,B09101022,Agree
B11H00015,B11703044,Disagree
B11701365,R10241109,Disagree
B09501044,B10301241,Agree
B10702039,B11101046,Disagree
R11623018,B09602031,Unconfirm
B10802115,B10703032,Agree
B11401211,R10222102,Unconfirm
B11602029,B09905015,Agree
B09901150,B06400027,Agree
B11701052,B10501045,Unconfirm
D05941045,B10104015,Agree
B11613036,B11502054,Agree
B10A02302,B11611001,Unconfirm
B10202261,B11614003,Agree
B09611075,B10106041,Agree
B08A02024,R10227052,Disagree
B10301347,B09405034,Unconfirm
B09A03039,B11104035,Agree
B09303116,B11102127,Disagree
R10222054,B10B07030,Agree
B09501150,B09502004,Unconfirm
F08927019,B10901019,Unconfirm
B08203068,B09A01047,Agree
B10203082,B11705016,Unconfirm
B09107057,R07224017,Disagree
B12111024,B08102056,Disagree
B09101141,B10501240,Disagree
B10102208,B09301808,Agree
B10303038,R10945060,Disagree
R11942109,B10309011,Agree
B10701231,B11101046,Unconfirm
B11505020,B11702019,Disagree
F08924011,B08102039,Unconfirm
B10202170,R10323118,Disagree
B11604051,B06403015,Unconfirm
B10707019,B08101168,Disagree
B10502045,B11602036,Unconfirm
B11618015,B11612125,Agree
B11503142,B11107054,Agree
F09441240,B10304011,Agree
B11601031,R10222039,Agree
B10603042,R11224017,Disagree
B09401070,R11941204,Agree
B11102717,B11309007,Unconfirm
B08A01049,R10945004,Disagree
B10201043,B06402009,Disagree
B08704051,B08101097,Disagree
B09A07021,B09601011,Disagree
B10611165,R10141017,Agree
B11401259,D10624119,Agree
B09301A01,F09449019,Disagree
F09542339,R11121024,Unconfirm
B11605036,R11621150,Unconfirm
B10702170,B08601079,Agree
B11503036,B10705017,Unconfirm
B11H04081,R11944004,Disagree
B10302025,B10902010,Unconfirm
R10243042,B08601098,Agree
B08703133,R11A22160,Unconfirm
B08A02717,B11507028,Agree
B10605014,R11A23045,Unconfirm
R10444204,B10801046,Unconfirm
B10603028,R11943049,Agree
B11401048,B09501029,Unconfirm
B09902021,B10102002,Unconfirm
B11205014,B10A01109,Disagree
B11501012,B07202002,Agree
R10221072,B09309080,Disagree
R09629015,B10705003,Agree
F09448024,R11122039,Agree
R11123044,B09701309,Unconfirm
R11921072,B11401073,Unconfirm
B11908056,R10541204,Disagree
B11701165,B11101150,Agree
B11107039,B11614011,Agree
B10908006,B10601041,Unconfirm
B11704013,B11201168,Agree
B11B02091,B09402109,Unconfirm
B10902024,B11405039,Agree
B10404051,B10501231,Unconfirm
B10A02125,B10705034,Disagree
B10A04012,B08317044,Disagree
B10408025,D10623057,Agree
B09501152,B10A01015,Agree
F09545055,R11642039,Agree
B06408056,B10200027,Disagree
R11H42109,B11705026,Unconfirm
B11705034,B10A01025,Unconfirm
B10102070,R11741082,Disagree
B09303048,B10208015,Disagree
R11121102,B10708025,Unconfirm
D09B45060,R10641231,Unconfirm
B10701259,B11701060,Disagree
B11108024,B10503045,Disagree
B11205060,R10727210,Unconfirm
B10301204,B11301066,Agree
B11403020,R11523008,Agree
R10722039,B11605004,Agree
B10601029,B11402039,Disagree
R11252217,R11941014,Disagree
B11203006,B08202717,Unconfirm
B10401241,B11304015,Disagree
B08601101,B10502717,Agree
B11108118,B08901073,Disagree
B11H04081,B08101152,Disagree
B10701004,B09102006,Unconfirm
B10701120,B10A01057,Unconfirm
B11509021,B09611240,Disagree
B11703042,B10104011,Agree
B10804009,R11445016,Unconfirm
R11941082,R09B22084,Disagree
B09502025,R10722045,Agree
R11941075,B11611043,Disagree
B08311066,B10601204,Unconfirm
B09405022,B08201072,Disagree
B09401053,B11408024,Agree
B09105003,B11109026,Agree
B10A00039,B10201053,Unconfirm
B12111168,B10202125,Agree
B08A02170,B09403152,Agree
B09A04047,B11701011,Unconfirm
R10721010,B08A01072,Disagree
R11123068,B12112151,Agree
B10201046,B10302036,Disagree
B11703023,B11706023,Agree
F08923137,B09301018,Disagree
B11501006,R10945005,Agree
B10603048,B10203050,Disagree
B05305009,B08901101,Agree
B11705004,F08922302,Disagree
B11103035,B10202045,Disagree
F07442084,B11506023,Unconfirm
B08204009,B09901165,Agree
B10201010,B08907030,Agree
B11H03042,R11H44016,Disagree
B11H05017,B11701111,Unconfirm
B09602055,R10A22037,Disagree
R10143010,R08121041,Agree
B10503032,B10A08006,Agree
B11505004,R10944016,Agree
B11H02011,B08701025,Disagree
B10301004,B09103020,Unconfirm
B08307019,B11601126,Agree
B10302002,B11701001,Agree
B11202127,B10401365,Agree
B10501052,B09302019,Agree
B09403008,R11626028,Unconfirm
B11604119,B10306035,Unconfirm
R11943082,B10A03032,Unconfirm
D01942004,B10702014,Agree
R11A27052,B09303020,Disagree
R08123010,B10506015,Unconfirm
B09501012,B09104017,Unconfirm
B11202043,B09901A01,Agree
R11625024,B08308015,Unconfirm
B11204026,B08903118,Unconfirm
B11203057,B11409007,Agree
B11509019,B11613042,Disagree
B09A01207,B11301011,Agree
R11H48003,B08201141,Unconfirm
B10207044,B09906035,Agree
R11325035,B09901006,Agree
B08A01159,B09902102,Agree
B09807210,B09901346,Agree
B11905022,B08506015,Agree
B11701111,B10502009,Unconfirm
B10201015,B11403042,Agree
B10203137,B09303008,Disagree
B06203008,R11257019,Disagree
B07103042,B11602261,Unconfirm
B09706035,B10605033,Agree
B11907057,B09907033,Unconfirm
B08701053,B09401152,Unconfirm
B10703152,R10645033,Agree
B09409080,B11613008,Disagree
B11605014,B06201092,Agree
B09903003,R10922056,Unconfirm
B10404015,R11225033,Unconfirm
B09900047,R11641017,Unconfirm
B10508032,B10607013,Disagree
B11604038,B11102115,Disagree
B09608006,R11H47036,Disagree
B11705024,B10607013,Disagree
B11401119,B09901011,Disagree
R11321015,F09442339,Agree
B09A01211,B08903036,Unconfirm
D10621101,B09303077,Unconfirm
B11101098,R11225017,Unconfirm
B08501119,B10605035,Agree
B08301217,B09303039,Agree
R11522043,B11104011,Disagree
B11402151,B08901029,Disagree
B11614004,B11608015,Unconfirm
B10202142,R09941101,Disagree
B11901001,B11701140,Agree
R10B41012,R10521150,Unconfirm
B11902070,B09604035,Agree
R11521102,B08501091,Agree
B09905005,R11121031,Disagree
B09403035,B09808015,Unconfirm
B11H02717,B10502025,Unconfirm
T11303049,B10501056,Disagree
B11405020,B10901068,Unconfirm
B11201119,B10A01024,Disagree
B08202717,B10208015,Unconfirm
B10201043,B11201061,Unconfirm
B09902355,B10104070,Agree
B10A04038,B11702009,Unconfirm
B11404015,B10701240,Disagree
B11101098,B11B01152,Unconfirm
B08801152,B11401045,Disagree
B08318118,R09B23008,Unconfirm
R11251048,B08801140,Disagree
B09602011,B09904015,Disagree
B08901022,B10303003,Agree
B09901150,B10801056,Agree
R09626041,B10202019,Disagree
B11700015,B08A05032,Agree
B09702170,B08702339,Disagree
B09305034,B09902150,Disagree
B08601012,R09B22115,Agree
R11621017,B11H03003,Unconfirm
R09622142,B11607013,Unconfirm
B10605014,B10503065,Disagree
R10921239,B09303042,Unconfirm
R11643020,B09501808,Agree
B10610012,B09501240,Unconfirm
B11107033,B10200011,Disagree
B10302037,B11201047,Agree
B10705034,R09943003,Disagree
B11604016,B10702043,Agree
B10502129,B11102010,Agree
B10801143,R11225017,Agree
B06403065,R11227210,Disagree
B11901024,B11905024,Agree
B10802039,B11101347,Agree
B11204026,B07203023,Disagree
B11601022,R09622638,Disagree
R11324093,B09302016,Unconfirm
B11201004,R11125026,Unconfirm
B11102037,B10707023,Unconfirm
R10221150,B11902024,Disagree
B11305022,R10528025,Agree
R10941026,B10A08015,Agree
B11B01068,B10101070,Unconfirm
B09903042,B10501053,Unconfirm
B11204016,B08808015,Disagree
B11314012,B10902339,Agree
B11606023,B11701120,Unconfirm
B10703065,B08A01216,Agree
B10A01102,B10702001,Agree
B10901057,F08521241,Disagree
R11322056,B11313036,Agree
R10522024,B09807054,Unconfirm
B11409011,B11101241,Disagree
B11607020,B10403082,Agree
B10602039,B08A02339,Unconfirm
B09702824,B08613049,Agree
R11224049,D05944047,Agree
B10901026,B09901212,Agree
B10302009,B11701240,Unconfirm
B08311152,B09908015,Disagree
R10943028,B08603032,Disagree
R10A21012,B08901025,Agree
B09102006,B11902027,Disagree
B08101001,B11406015,Unconfirm
B09A01120,R10521212,Disagree
B10702025,B08508312,Disagree
B09905035,B10307039,Disagree
B11301150,R10621060,Disagree
R11A22217,B10400011,Agree
R11254204,B11103039,Disagree
B09602013,B10703150,Unconfirm
B09102043,B10205014,Agree
R10522009,B10A02261,Agree
B10104119,B10705034,Unconfirm
R11523026,B08502011,Unconfirm
R10143020,R10442029,Unconfirm
B10505024,B11101001,Disagree
B08101330,B09401016,Agree
B11602037,B11101207,Disagree
B10703035,B10201309,Agree
B10A02016,B10902126,Agree
B10202043,B10A02142,Unconfirm
B10602102,R11H43042,Agree
B09A02005,B10301015,Disagree
B10707021,B10A03055,Unconfirm
B11901020,B09403077,Disagree
R10527039,B09503057,Agree
B11B06015,B07A02125,Agree
B09606033,B11701150,Unconfirm
B10101216,R10321066,Agree
B11618015,B11902009,Disagree
R07221075,B08903118,Unconfirm
B08A02824,B10306033,Disagree
B11501150,B10305009,Disagree
B11403039,B08613020,Disagree
B09306028,B10201053,Disagree
B08201207,R10721019,Agree
B09102025,B11606035,Agree
B08704026,B10307054,Disagree
B09507013,B08A05026,Agree
B08901037,B11601022,Disagree
B09902039,B09909021,Disagree
B08703022,D09B44081,Disagree
R10228004,B10201239,Disagree
B09904070,R10943038,Agree
B11101004,B09205005,Disagree
B09804093,B11101031,Unconfirm
B10301165,B10501365,Unconfirm
B11108015,B10402605,Disagree
B08105055,B09501808,Agree
R11H46028,R10522055,Agree
B09501015,R09947028,Agree
B10702102,B11402045,Agree
R11621040,R09624049,Disagree
B11901159,R11623042,Disagree
D03948024,B11613068,Disagree
R09427013,B10202022,Unconfirm
B09706028,B11101153,Disagree
B11401092,B09505028,Unconfirm
B10302106,R11522009,Unconfirm
F10945026,B11201001,Disagree
R11222033,B09904047,Agree
B10202043,R11522025,Disagree
B08503008,B11702039,Unconfirm
B09901017,B11202605,Disagree
B09902010,D09B42027,Unconfirm
R11943028,B09701082,Agree
B11102302,B10406020,Agree
B08302056,B11203057,Unconfirm
B11702010,R10544015,Disagree
B09501044,B09302010,Disagree
R10141031,B11301082,Unconfirm
F08524013,B11105007,Disagree
B10408037,B09304017,Disagree
F08927028,B09905015,Agree
R11929011,B10201056,Disagree
B10403044,B10301346,Disagree
B07A01040,B09901150,Unconfirm
B11203038,B10802261,Agree
B08A02009,B08101092,Agree
B10605016,B09507033,Agree
B11101102,R11228118,Disagree
R11122109,B11401211,Disagree
B09501102,B10309021,Disagree
R09942126,B11504009,Agree
B11401168,B08A05017,Unconfirm
R11A22261,B11700039,Agree
R10148053,B10701011,Agree
B10108032,R11A22261,Disagree
B05301016,R11528118,Disagree
B11707023,B11407020,Disagree
B08704016,B10506044,Agree
B10501015,F07444025,Agree
B08205036,B08705004,Agree
R11941239,B10807074,Agree
R11125032,B10401015,Disagree
R11621056,B10507021,Unconfirm
B09702824,B11303116,Agree
B11701004,B10201073,Unconfirm
B10603038,B09302302,Disagree
B11603039,B11602009,Disagree
B08902010,F09448015,Disagree
B11700047,B08A02100,Agree
B10703040,R11947044,Disagree
R10B45009,B10201241,Agree
B11101044,B11102016,Unconfirm
B11704038,B11707055,Agree
B11615055,D01942045,Disagree
R10A22031,B11101047,Disagree
B11208015,B10601025,Unconfirm
R11220039,B09508004,Agree
B11B04015,B09502084,Agree
B09602717,B09902034,Agree
B10702151,B11908037,Unconfirm
B10401102,B08301044,Agree
B10701068,B11503012,Disagree
B11103082,F09449011,Disagree
B11H01061,B10303028,Unconfirm
B11502217,B11203137,Agree
B08303018,B10101019,Agree
R09421057,B08611152,Disagree
B10201140,R11221108,Agree
B08505016,B08904026,Disagree
B11901010,B09507044,Agree
B09905032,R11642101,Disagree
R10441070,B10105022,Disagree
B09101006,B11610016,Agree
B11603150,B10701072,Unconfirm
B08A01049,B11407057,Disagree
B11706041,B09404034,Agree
B11312025,R10622151,Agree
R10949021,R11124004,Unconfirm
R10244038,B07106044,Disagree
B08302101,B06208312,Unconfirm
B10105022,B09104013,Agree
B11613068,B11407057,Agree
B10701011,R10942009,Unconfirm
R11225017,B10602006,Disagree
B11601102,B10501001,Unconfirm
B09100011,R10442824,Unconfirm
R11947033,R11943082,Disagree
B09403055,B10701309,Disagree
R11252010,B09103152,Agree
R11621025,B09401037,Disagree
T11301159,B09403008,Agree
B09503065,B08201111,Disagree
B11501212,B11104013,Disagree
B12111011,B10401102,Disagree
B09701006,B11311015,Agree
B08A07044,B10902031,Unconfirm
B10101126,B09705036,Unconfirm
B09404025,B11504003,Unconfirm
B05301037,R10632115,Agree
B11202638,F08524070,Agree
B09A00012,B09907A03,Agree
B11704038,B10102070,Agree
B11H01211,B11613065,Agree
B11611022,B06401039,Agree
B11612002,B11508032,Agree
B10401259,B10502084,Unconfirm
B11605024,B10502036,Disagree
B09502043,R11222045,Agree
B11602125,B11502056,Agree
B09501026,B09203133,Disagree
B10207055,R09944013,Unconfirm
B10201207,B10501240,Unconfirm
B09102009,B09901150,Agree
B08303044,B10603082,Unconfirm
B10613020,B09501239,Agree
R10528025,R11221012,Agree
B10202014,B09601109,Disagree
B09703020,R11942001,Agree
B09505022,B08615022,Unconfirm
B11304015,B09408015,Agree
B10105022,R10521066,Agree
B10306015,B11613036,Disagree
R10623032,B06401004,Disagree
B09501211,B08A01025,Disagree
B10201025,B08A03015,Unconfirm
B10601041,B11601011,Unconfirm
R11741082,B11107054,Agree
B11602027,B09401004,Agree
B11901044,B09607033,Unconfirm
B09704034,B11701168,Agree
B11601013,B09702043,Disagree
B09204047,B10107A03,Disagree
B11207039,B09307052,Agree
B11909021,B10A01012,Unconfirm
R10222102,R11127210,Unconfirm
R10545009,R11643023,Agree
B11304025,R10625009,Disagree
R11941102,R10631365,Agree
B10805015,R11A22217,Agree
B11403044,D10622208,Unconfirm
R11H41330,B11301066,Agree
B11H01111,B11301097,Disagree
R09623133,B11109019,Disagree
B08501026,R11521240,Unconfirm
B07402039,B10301046,Agree
B09307210,B11503045,Disagree
B08105026,B09400027,Unconfirm
R10522039,B11402036,Disagree
R10723082,B09904015,Disagree
B09903068,B10401150,Unconfirm
B09303040,B11301011,Disagree
R10642170,B09401017,Disagree
R11443118,R10722039,Disagree
B11701159,B10505015,Disagree
B11102355,B09907057,Disagree
R10621120,B11709019,Disagree
B11302016,B10101020,Disagree
B11709019,B11901098,Unconfirm
B09402125,B09102125,Disagree
B11501111,B10108037,Agree
B09901072,B08502027,Unconfirm
B10A05014,B08A03022,Agree
D09B42142,R11H44012,Disagree
R10221044,B11502014,Unconfirm
B08501012,B10A07044,Agree
B10801098,B11B00016,Disagree
B09301A01,B11901057,Unconfirm
B11404013,R10144011,Agree
R10943035,B09901022,Disagree
B10A05004,B09A02089,Disagree
B10103049,B10405009,Unconfirm
B09203133,R10921018,Disagree
B09308056,B10612029,Agree
B10408006,B10604017,Agree
R10722055,B11401029,Disagree
R11321120,R11127A03,Unconfirm
R10621120,B11102717,Agree
B11402039,B10601150,Unconfirm
B10907210,B10102024,Agree
D10621012,B11405055,Disagree
B10401365,B10701026,Agree
F08521072,B05306023,Disagree
B11402638,B11201029,Disagree
B11503008,B10101216,Unconfirm
B09901022,B11709015,Agree
R10222055,B09503008,Agree
R10725039,B11611040,Disagree
B08603044,B10204015,Agree
B09605020,B11101006,Disagree
B11503039,B10506015,Disagree
B11700047,B11501111,Disagree
B10701011,B09605003,Agree
B11501075,B11704026,Unconfirm
B09101018,B11102031,Agree
B11205017,B11617039,Disagree
B08205014,R11442070,Unconfirm
B07401057,B10302160,Disagree
R11128015,B09505028,Unconfirm
B08A05034,B09A05032,Agree
B10701041,R10925026,Unconfirm
B09604035,R10141025,Unconfirm
B11106020,B11309011,Agree
B09701231,B11701066,Unconfirm
B09A01066,B10703035,Disagree
B10405004,B09608003,Agree
B10704011,B09404070,Agree
R10148025,B11502638,Unconfirm
B11502084,B10503035,Disagree
R10A21097,B11502339,Unconfirm
B08807023,R10528023,Agree
B09508024,B09302043,Agree
B10207028,B10202605,Agree
B10304049,B11509019,Agree
B11602019,R10522034,Unconfirm
B11901001,B10612043,Unconfirm
B08103082,B11602638,Disagree
B10102208,R08121068,Unconfirm
B10502043,B10301012,Disagree
B11408015,B10107054,Disagree
B11402119,B10613035,Disagree
R11A24009,B11607052,Unconfirm
R10524047,B09108015,Disagree
B09901047,B09A05024,Disagree
B09101141,R10223082,Unconfirm
B10102014,B10109019,Unconfirm
B10106041,R09427044,Disagree
B11905034,D03945015,Unconfirm
B11401119,B10701212,Disagree
B10905004,R11A25005,Agree
B09701141,B10401026,Agree
B09703042,B08507013,Unconfirm
B10202024,R11948037,Disagree
B09407039,B09602717,Disagree
B10501018,B09501309,Disagree
B11101070,B10501019,Unconfirm
B10901046,R11942025,Unconfirm
B11B04026,B08902127,Agree
B08303044,B09602355,Disagree
B08608056,B10612355,Unconfirm
B09301012,B09A01006,Unconfirm
R10521A01,B11505020,Disagree
B09105024,B10901047,Unconfirm
B09901052,B09302302,Unconfirm
R10948312,B10701012,Disagree
B08901066,B09905003,Agree
B11501001,R11942056,Agree
R10321012,B11610011,Disagree
R11641041,B10404012,Agree
B10103003,B11401012,Unconfirm
B09902106,B08A07057,Unconfirm
R11641017,B09501072,Disagree
B11201108,B10401072,Unconfirm
B10A05003,D01947044,Disagree
B08203077,B10202125,Disagree
B11504011,B09302043,Unconfirm
F09448015,B09108015,Disagree
B10305009,R11641025,Agree
B11615004,B10202021,Disagree
B11901211,R11621207,Disagree
B08705004,B10A02009,Agree
B10504016,F08522019,Disagree
B10501231,B11703040,Unconfirm
B10804081,B10202261,Disagree
B10408025,R11921045,Disagree
B09804004,B09301029,Disagree
B08700015,B10202083,Disagree
B08607030,B10704012,Disagree
B11107A03,B10803039,Disagree
D03941141,R07223142,Disagree
R10721309,B11502087,Agree
B11301111,B09701216,Disagree
R09623133,R10620027,Unconfirm
B10303026,R11122084,Agree
R11221001,R11742159,Unconfirm
R10221061,B11502638,Agree
B08502027,B10701119,Agree
R07228312,B10302013,Unconfirm
B10702102,B09802005,Agree
B10902002,B09A02002,Agree
B10207027,B09505004,Agree
B09401037,B09401003,Unconfirm
B10901012,B11203045,Unconfirm
B11402055,B07204034,Agree
B11302029,B09103036,Agree
B10504009,R11H42109,Unconfirm
R11621029,B11203065,Disagree
B10302022,B11201053,Agree
B10301012,B11701060,Disagree
B10102027,B09904026,Disagree
R10B41091,B10704035,Disagree
B11617052,B09702142,Disagree
R10941102,B11708004,Unconfirm
R11522070,B09102016,Agree
R10B41004,B11204016,Unconfirm
B09404013,R10B44017,Unconfirm
B09602025,B11201018,Unconfirm
B09105026,B10403028,Disagree
B11317027,D03945032,Unconfirm
B07107054,B11615024,Agree
B08904051,B11618004,Disagree
B07A07021,R10A28032,Disagree
B10703026,B10205004,Unconfirm
R11943044,B10201143,Agree
B09908024,B11202083,Agree
R10943048,B09908312,Disagree
B09402009,R11126028,Agree
B09A01159,R10544011,Unconfirm
B09901346,B08201309,Disagree
B08904119,B11607044,Agree
B09A01010,B11704004,Agree
B09602055,B11611A01,Agree
B09505024,B08A01056,Disagree
R10921A01,B11202150,Disagree
R10721025,B09902102,Agree
B10304070,B10A03118,Agree
R10541057,R10223055,Disagree
B11701079,B09701120,Unconfirm
B06406023,B10201015,Unconfirm
R11921072,R10947022,Unconfirm
R11H43003,R10522039,Unconfirm
B08A02028,R11942043,Agree
B11901037,R11522355,Unconfirm
B08704119,B10302021,Disagree
B09407054,B11204016,Unconfirm
B10703065,B09301165,Unconfirm
B10601019,B11401330,Agree
R11522039,B10804081,Unconfirm
B11503044,B08301217,Unconfirm
B11301011,R11127074,Disagree
B08201207,B10B07030,Unconfirm
B11614011,B10707023,Disagree
B11108023,R11251011,Disagree
R11324093,R11A23082,Disagree
B11611046,R10941060,Disagree
B09701141,B09405060,Disagree
B10901075,B11H02339,Disagree
B10404015,R10621120,Disagree
R11942019,B09301061,Unconfirm
R10528025,R11948004,Disagree
B11407033,R11523026,Agree
R10142013,B11611075,Unconfirm
B10901082,B11701052,Disagree
R10223049,B11704013,Agree
D05947210,B11602029,Agree
B09904016,B07A03068,Unconfirm
R11942010,R10148004,Unconfirm
B10703152,B10203082,Unconfirm
B05303009,R10522039,Disagree
B11611204,B09901026,Unconfirm
R09629080,B09614012,Agree
B09602055,B11101066,Agree
B09611240,R11251046,Agree
R10927039,B10401212,Agree
B09308056,B12111231,Unconfirm
B10302039,B09102151,Disagree
B10202100,B09601004,Disagree
R10622083,R09622010,Disagree
B09601019,B11101025,Unconfirm
B11201001,B09901231,Disagree
B09902054,B09303045,Unconfirm
B10302129,R09423008,Disagree
B08A05016,B11605016,Unconfirm
B11208032,B11501120,Unconfirm
D09B43020,B11601004,Disagree
B11205009,R10941046,Disagree
B08202039,B10702028,Disagree
B09600047,B09807210,Agree
B11101037,B10301150,Unconfirm
B11701052,B09611150,Unconfirm
B11312033,F09449011,Agree
B09A02087,B09401004,Agree
B10101048,B08A01808,Agree
B10202070,B11H02025,Disagree
R11H43040,B09602159,Agree
R11943026,B06401004,Unconfirm
B10306015,B10702605,Agree
B10702014,B10502151,Unconfirm
B10A04119,B11701006,Unconfirm
B09103008,B10103045,Unconfirm
B10901014,B09302129,Disagree
B09402004,B11618015,Disagree
B09102036,B11301347,Agree
B09602011,B10805028,Agree
B10202022,B11105004,Disagree
B09608023,R10942119,Unconfirm
R11122016,F10944011,Agree
B11612016,B09902004,Disagree
B08A08006,R10942151,Unconfirm
R10634013,B10204051,Unconfirm
D03941072,B10801025,Disagree
R11922025,B08501017,Disagree
B11601204,B11615028,Disagree
D03941026,B11202019,Unconfirm
D09B41241,B10806015,Disagree
B11908037,B10509007,Agree
B09303042,B11405003,Disagree
B10506035,B08102001,Agree
B08701052,R11A25026,Unconfirm
B11905036,B08705016,Disagree
B08A01019,B11607039,Disagree
R10523142,R11921808,Agree
T11305005,R11124015,Disagree
B11103026,B10612043,Unconfirm
B08702006,R11124051,Unconfirm
B09401079,B11701346,Disagree
B08801140,B10405004,Disagree
B11602083,B08701365,Unconfirm
B08A06044,F09448015,Unconfirm
B09903015,B09906028,Unconfirm
B11619026,R10223003,Unconfirm
B08A01015,R11222605,Agree
D10622054,B11803118,Unconfirm
B11203020,B10302014,Disagree
R10723020,B08801159,Unconfirm
B09304016,B11611043,Agree
B08501017,B09702127,Agree
R10721025,B10904051,Unconfirm
B11701017,R11948024,Unconfirm
B09604013,F07444070,Disagree
B08501037,R11122125,Unconfirm
B10201159,B10A01043,Agree
B11401212,R10942125,Agree
R11445016,B10603023,Agree
F09442011,B10302605,Disagree
B10401010,B09305004,Agree
B11101026,B11904051,Disagree
B08105028,B10602033,Unconfirm
B08A05026,B06402055,Agree
B11901240,B08806020,Unconfirm
B11B05039,B11101037,Unconfirm
R11125005,R11942021,Disagree
B11402021,B11103010,Disagree
B09103082,B10A02126,Unconfirm
B10703057,B10403118,Unconfirm
B08305015,R11942109,Agree
B10201006,B10703077,Agree
B11403020,B10403038,Disagree
B09405005,B08901024,Disagree
B10202151,B08311101,Disagree
B10502025,B10A01119,Disagree
B10501120,B09603032,Agree
B09402125,R10148053,Unconfirm
F07441108,R10632638,Disagree
B10A02125,B10507013,Disagree
R11H43044,B10601119,Disagree
B11601168,B10901057,Disagree
R11251043,B09107055,Unconfirm
B10102638,B08703035,Agree
B11309007,B11903035,Unconfirm
B10302001,B10102089,Disagree
B10501808,R10522106,Unconfirm
R11252083,B11201168,Unconfirm
B09A03042,B11701037,Agree
B10102045,B11612013,Unconfirm
B09401037,B09401082,Disagree
B08A03039,B10901001,Agree
R10A21048,F09548004,Disagree
R09424013,B09903044,Unconfirm
B09904047,B11901046,Agree
B11902024,B11205060,Agree
B10602055,F09444011,Agree
B10611098,R11222045,Disagree
B10602160,B11201066,Disagree
R09626005,B09905004,Disagree
B11703116,B11608037,Unconfirm
B11501204,R10624025,Disagree
R11121119,B08502115,Disagree
D10628032,T11305015,Disagree
B11201216,B08303018,Unconfirm
B08302217,B10704016,Agree
B07203118,B08801022,Disagree
B10604004,B06402217,Unconfirm
B08103076,B10102160,Disagree
B06203022,B11403048,Disagree
B11601016,B06402010,Unconfirm
B09402004,B07108004,Agree
B09904119,B08601365,Unconfirm
B11204011,R11A29019,Agree
B11205014,R10634013,Disagree
B09301024,R11941239,Agree
B10A07039,B11204012,Unconfirm
B09618003,R10521044,Agree
R11251330,R11529080,Disagree
B08901001,B11H01039,Disagree
B10305016,R11941018,Unconfirm
B11502014,B06401039,Agree
B09301216,R10633042,Unconfirm
R10921A01,R10522039,Unconfirm
B10704051,R10723038,Unconfirm
B10501056,R10143044,Disagree
B05302031,B09502019,Agree
B08102102,B10104049,Disagree
B11109011,B10A02016,Disagree
B10704016,D03949026,Agree
B10A02102,B08804003,Unconfirm
R10622045,F08521072,Agree
B11904051,R10541053,Disagree
B11101016,F10943032,Disagree
B08611141,R10943022,Agree
R11948004,R11324011,Disagree
R11927022,B11602037,Unconfirm
R11622115,B10102033,Unconfirm
B11708003,R11627019,Unconfirm
B10905005,B11607054,Unconfirm
R11622031,R10947021,Disagree
R10941140,B08A04034,Agree
B10701040,B08701152,Unconfirm
B11611102,B10905032,Agree
B10103020,B09902039,Unconfirm
B08508025,B11907052,Disagree
B08904119,B10401330,Agree
B11502125,B10301347,Disagree
B08A03035,B09A03020,Agree
R10621168,F07441365,Unconfirm
B07103042,B11503118,Unconfirm
B11612208,B10701330,Disagree
B11905026,R11H41216,Agree
B10A02208,B11402039,Disagree
B09503044,B10305022,Disagree
B11407033,B11408312,Unconfirm
B11105022,B10301004,Unconfirm
R11444011,B08612028,Agree
B11307013,R08121072,Agree
B10B08025,B11401073,Agree
B08A05032,R10721004,Disagree
B10801046,B11102125,Disagree
R10722039,B06402010,Unconfirm
B09603057,B09601037,Agree
B09302302,B09107074,Unconfirm
B09202024,D09B42717,Agree
B11202115,R10A21079,Agree
B10A07044,B08202037,Disagree
B08901101,B10509080,Agree
B08201207,R11641808,Agree
B11613082,R10223009,Unconfirm
R10941231,B09505017,Unconfirm
B08502014,R10522106,Disagree
B10202115,R10A21020,Disagree
R10641011,B09607052,Unconfirm
R11927022,B11300047,Agree
R09621075,B10102014,Unconfirm
B09403142,F08524070,Agree
R11941048,D09B43020,Unconfirm
B11702002,B09502039,Agree
B11611150,B11407036,Disagree
B09804004,R11227013,Agree
B11403048,B09309021,Unconfirm
B11903003,B08501016,Unconfirm
B10702102,R10728024,Disagree
B09405009,R10622054,Unconfirm
B09601068,B10605005,Unconfirm
D03947039,R10521044,Unconfirm
B10706023,R10541057,Unconfirm
B09406041,B10901047,Disagree
B10501014,R10542109,Unconfirm
B11906023,B09601808,Unconfirm
R10921031,B11H01039,Disagree
B10A03118,B11502011,Disagree
R11622125,B09702054,Agree
B11601056,B11404070,Agree
R10523118,B11H02039,Disagree
B08901037,R10B46028,Unconfirm
B11102016,B08109019,Agree
B11611101,B10402102,Agree
B07A03044,R10949021,Agree
B10406020,B11301259,Agree
B11H01056,B10801043,Unconfirm
B09A05004,B11101347,Agree
B08801001,B10208053,Agree
B11604011,B11401006,Disagree
R11642039,B10303065,Unconfirm
B09108024,B10103038,Agree
B10901047,R10942083,Disagree
R11224204,B11B08312,Disagree
B10609019,B11602089,Agree
R10724012,B09301026,Agree
R11A27021,B11803118,Unconfirm
B11B07013,R10521056,Agree
B10708032,B09408053,Unconfirm
B09902070,B09701240,Disagree
F10941010,B10302106,Agree
B10107039,B09501143,Unconfirm
B08A03035,B10408004,Unconfirm
R10523023,B11605014,Disagree
B10301029,B10703055,Unconfirm
R11621003,B11208006,Unconfirm
B09802070,B10201010,Agree
R11H43003,B07A01108,Agree
R10223028,B08A07028,Agree
B10704119,B10307028,Unconfirm
B09202638,B08501049,Unconfirm
R10B46028,B10204016,Unconfirm
B09701140,B10705004,Disagree
R11743036,B08612028,Unconfirm
B10201020,B09A04009,Unconfirm
R11941066,R11522043,Disagree
R10634012,B11208025,Disagree
B11601022,B08612102,Disagree
B08502025,B09403020,Unconfirm
B11402151,B10908037,Agree
B09501072,B09807054,Agree
B09705004,B10207036,Unconfirm
F09449011,B08A01111,Disagree
D01942021,B10201150,Agree
B10804017,B11611347,Agree
B11611011,B11407019,Agree
B08101049,R10927044,Unconfirm
B09903018,R10625032,Disagree
R10943055,B08A01092,Disagree
B11103042,B11502129,Agree
B11301010,B09612106,Agree
R10525055,R11A22302,Agree
R10922045,B10901057,Unconfirm
R10621060,B10203035,Disagree
B08A07044,R11521052,Disagree
R10521026,B11302045,Agree
B10705022,B08A01231,Agree
B09306044,B05301004,Unconfirm
B05303009,B10301015,Disagree
B10508003,B09100011,Unconfirm
R09947023,B11H00039,Disagree
B10A02019,R09621004,Disagree
B09501211,B09303116,Disagree
B10A00016,R10521072,Unconfirm
B10307039,R10520016,Agree
B09703044,B10703065,Disagree
B06201072,B09401346,Agree
R10928312,B11101011,Disagree
B10702102,B10701098,Disagree
B10401048,R10521A01,Disagree
R11124119,B10701045,Agree
B10501808,B10302125,Agree
B09403018,R10945034,Disagree
R10922021,B11303009,Disagree
B11101045,B10102142,Agree
B09103044,R10521004,Agree
R10522100,B11611022,Agree
B09302024,B11503152,Disagree
B11405003,B10207055,Unconfirm
R10142037,B09701012,Unconfirm
B10300047,B08A02100,Agree
B06407074,F08524013,Unconfirm
B10A02102,B11202150,Agree
R09421231,B11802717,Agree
R10722302,B10A02010,Disagree
R11942009,B10706015,Unconfirm
B08203133,B11101072,Agree
B09909019,B09403044,Agree
B10203050,B09903040,Agree
B09903003,B10301072,Agree
B09401165,B08301217,Agree
B11B08312,B11602125,Agree
B11302006,B08201101,Unconfirm
B09501309,B11201011,Unconfirm
R11625016,R11121024,Unconfirm
B08104051,B09905035,Agree
B11302037,B11H03018,Disagree
B11607039,R11622605,Disagree
B10201001,B10103045,Unconfirm
R10223065,B10301092,Disagree
B10203133,R11525022,Unconfirm
B11502109,B08612091,Disagree
R11942638,B10707019,Agree
B10A03042,F07441108,Agree
B11707030,B08901061,Disagree
B08106028,B08902056,Agree
B10601102,B08703028,Agree
B08703077,R11253020,Agree
B08501150,B09401047,Unconfirm
B09611042,F09541365,Unconfirm
B11611026,R10946035,Disagree
B11105016,B10201015,Unconfirm
B11501060,B10307027,Disagree
R08121026,F08524013,Unconfirm
B09501003,B11701102,Unconfirm
B10808037,B09900047,Unconfirm
B11611165,B10507013,Unconfirm
B11613040,B08501004,Unconfirm
B06403077,B10A03082,Disagree
B10204012,B09707054,Agree
B09601048,R11942109,Disagree
B10617028,B11602025,Agree
B08103003,R08124013,Agree
B11705026,B11108015,Disagree
B08503042,R11741061,Unconfirm
B10202170,B10201037,Disagree
B11507028,B10704026,Disagree
B09502010,B08701053,Agree
B11611001,D05945026,Agree
R09947023,R10441108,Disagree
B08612127,B07401029,Disagree
R10522100,R08125016,Agree
B09908004,B11403039,Agree
B10407022,B10A01012,Unconfirm
B08611045,B10A08015,Unconfirm
B09503003,R10A27210,Disagree
B10202039,B09302010,Unconfirm
T11305005,B09901240,Agree
B11402025,B05305005,Unconfirm
R11625005,B11603044,Unconfirm
B10701061,B11100011,Agree
R10441092,R09421143,Unconfirm
R10723020,R11253023,Unconfirm
B09401119,B09802125,Agree
B11201066,B10702102,Unconfirm
R10142036,B11508032,Disagree
R09621075,B09901165,Unconfirm
B11704009,B11701097,Unconfirm
B06201003,B11103035,Unconfirm
B09901006,B08202039,Agree
B11201043,B07101060,Agree
B11408053,F09441119,Disagree
B11612036,B11H04038,Disagree
B10603152,B08703026,Unconfirm
B10905015,B10702043,Agree
B10706015,B11611004,Disagree
R11229015,B08A05017,Unconfirm
B09807210,B09104025,Agree
B08A02009,R11323003,Agree
R11623012,B11209019,Unconfirm
R10723028,B11604035,Disagree
R10522106,B11611204,Unconfirm
B10603044,B11401101,Agree
R11941159,R09621047,Agree
B11101207,B10506044,Unconfirm
R09941066,B09901153,Agree
R11223042,R10941808,Disagree
B11201070,R10A21004,Agree
B08902056,B09601068,Unconfirm
B10A01052,B11501168,Disagree
R10142009,B10101057,Disagree
B11501029,B11908015,Disagree
B08617022,B11203028,Unconfirm
B09501153,R09B21102,Agree
B09505033,B11901A01,Agree
B08104049,B10A05014,Agree
R10628056,B09A01018,Disagree
B10901231,B11401046,Agree
B11200011,R10722013,Unconfirm
B11611040,B10701004,Agree
B10107055,B09608003,Disagree
B10601053,B10605003,Agree
B11612125,R11124119,Unconfirm
B10901018,B10301073,Disagree
B09618006,B11101020,Agree
B08901018,B10A05004,Disagree
B11401111,B10400027,Unconfirm
B11201204,B09601101,Unconfirm
B09401037,D03944011,Disagree
B10708312,B08603032,Unconfirm
B11404119,B10705039,Agree
B11901072,R11222001,Agree
R09624038,B09902010,Disagree
B11601056,B10504013,Unconfirm
B10A07019,R11621141,Agree
B09107039,B10702039,Unconfirm
B11407020,R10443068,Unconfirm
B10705022,B11401120,Disagree
R11442039,B09406041,Unconfirm
B11504034,B09502070,Disagree
B09801011,B09105032,Disagree
R07229021,B11305017,Agree
B11101011,B11611041,Unconfirm
B11301017,B11614004,Agree
R10925016,R11H42055,Disagree
B09302016,B10601119,Agree
B11604025,R11527030,Disagree
B11604035,B10A02016,Unconfirm
R11948003,B10901011,Unconfirm
R11322100,B10101102,Agree
B10302100,B11206028,Agree
B08A03137,B11502013,Agree
B08707052,B10901039,Unconfirm
B10301011,B10202009,Agree
B06201092,R11921109,Unconfirm
B11612217,R10941168,Agree
B10901068,B08502102,Agree
B10701309,R10148015,Agree
B11H00039,B09402106,Unconfirm
B11101061,B08617022,Agree
B07A05004,F07441108,Unconfirm
B08A01102,B09707054,Unconfirm
B10601019,B11501025,Disagree
B09A03039,B10204011,Agree
B09605004,B09703040,Agree
R11H47036,B09902101,Disagree
R10A22125,B10407054,Unconfirm
D09B44081,B08312106,Disagree
B08317039,R10921240,Agree
R10241231,B10209015,Agree
B07201061,B09501330,Disagree
B08502011,B11703010,Disagree
R11941001,R10542039,Disagree
B09403035,B10605033,Unconfirm
R10722151,B11105055,Agree
B11611001,B09901217,Unconfirm
R10521004,B11313036,Agree
B09A08003,F10949007,Unconfirm
B10503045,R11321120,Agree
B10605022,B11H08015,Unconfirm
R11127021,R10222125,Unconfirm
F08521072,F10943055,Disagree
B10704035,R11224015,Unconfirm
R11942025,R10523152,Agree
B11402170,B11402119,Agree
R10943065,R11927020,Disagree
B11707074,B09701140,Agree
B10A06028,B10207055,Agree
B10102021,B11903077,Agree
B11612717,B09A01150,Agree
B10702087,B10A07027,Disagree
B10102142,R10941070,Agree
B11901102,B09901150,Agree
B10603082,B09505017,Agree
B10405020,R11123023,Disagree
B11502027,R11A25005,Unconfirm
B08A01072,B11101019,Agree
B11901041,R07221102,Agree
B10702142,B09601066,Disagree
B11509019,B10201043,Agree
B09501330,R11943040,Agree
R10142125,R11522217,Agree
R10642106,B07401029,Unconfirm
B10301011,D09B47027,Unconfirm
R11256015,B11401001,Unconfirm
B09505004,B09502043,Agree
B11405035,B11H03018,Disagree
B11906020,B09608006,Agree
B11408024,B09404070,Disagree
B10201029,B08203018,Agree
B09401365,B09A03076,Disagree
B08A02010,B08201079,Agree
B09A02824,R11251143,Disagree
B09501026,R11121102,Disagree
R10621091,R10144003,Agree
B11702159,B10306020,Unconfirm
R10521048,B09901046,Disagree
R10244038,R11121102,Unconfirm
B09702717,B08A02824,Agree
B10208053,B10802043,Disagree
B09A01056,R10622045,Unconfirm
B09902102,F08923137,Disagree
B08614004,B10402109,Unconfirm
B11901057,B09801097,Agree
B11702056,B09301204,Unconfirm
B09901017,B11612125,Unconfirm
B11402127,R10524009,Agree
B10202021,R11121141,Agree
B09204047,B11709015,Unconfirm
R09626044,B11401056,Unconfirm
B11301046,R10922302,Disagree
B09502084,B11603003,Disagree
B10302125,B09303023,Disagree
B08307021,R09621075,Unconfirm
R10A28015,B08201101,Unconfirm
B10804081,B08707027,Unconfirm
B10102011,R10726015,Agree
B10408037,B07A03042,Unconfirm
R10725009,B10106023,Disagree
B09A02024,B10704016,Disagree
B10A08006,R11H43042,Agree
B11404004,B10601019,Disagree
B10603048,B09905026,Disagree
B11702302,B11409015,Unconfirm
F09442034,B10202034,Disagree
B10502125,B09503044,Agree
B09902037,B08103076,Agree
R11624016,B10202002,Disagree
B11301019,B10802151,Unconfirm
B06401120,R10524009,Disagree
B08201072,B10501068,Unconfirm
B10403044,B10608015,Disagree
B11904026,B09403082,Agree
R09944015,B11702036,Agree
R10548025,B11B05016,Disagree
B10303055,R10941168,Agree
R10631079,B08703035,Agree
B11611040,B06403042,Unconfirm
B09101330,B10505009,Disagree
R11H43044,B11405005,Disagree
B08702019,B11102016,Disagree
B11401011,R10522010,Agree
B10A07013,B10103137,Disagree
R11927033,B09906023,Disagree
B11901231,B10401111,Unconfirm
B09704012,B09301168,Agree
R10943118,B10207036,Agree
R10944025,B11202102,Disagree
R11941060,B10605033,Unconfirm
B09501150,B10108037,Disagree
B08A07039,R11527027,Agree
B10606028,D09B42142,Disagree
R09424035,B09A02037,Disagree
R11741120,B11101150,Disagree
B09103036,B10607039,Unconfirm
B09601011,B06203152,Disagree
B08708024,B09502010,Disagree
R09425004,B09302159,Unconfirm
B11602043,F08923137,Unconfirm
B10701098,B11905034,Unconfirm
B09902006,R10243118,Disagree
B08102106,B08302101,Disagree
B11601240,B11613015,Disagree
B09502054,B08201022,Unconfirm
R10B42022,B10A07210,Disagree
F09441240,R11941015,Agree
B09907210,R11643082,Disagree
B10902024,B11203044,Disagree
B11613077,B08903082,Disagree
F07441024,B11406015,Unconfirm
B11202043,B09A02824,Agree
B10400016,B10A01011,Unconfirm
B07A05004,B11614026,Agree
B09901120,B10302142,Agree
B09301012,B11613006,Unconfirm
B10501212,B11702142,Unconfirm
B11401259,B10702170,Agree
F09445034,B10702824,Agree
B09901011,R09629015,Agree
B09508015,B11108023,Agree
B10102021,B10501079,Disagree
B11701111,B05305039,Disagree
B11103045,B10701040,Disagree
B09901365,B10501068,Unconfirm
B11802717,B10208015,Disagree
B09703040,B10206035,Disagree
R11253020,R10631057,Disagree
R10A29011,B11602001,Disagree
R11441029,B08202083,Unconfirm
B10A05003,B11B05039,Disagree
R10522101,B09405026,Disagree
B11604012,B08102039,Agree
B08706020,B11302009,Disagree
R09421108,R11647210,Unconfirm
B11901011,R10242054,Unconfirm
B09701026,B10A01029,Agree
B10603050,B10501043,Agree
B10203038,R11941046,Disagree
B10201011,B10302824,Disagree
B09A02119,B10701011,Agree
B11102039,R10647033,Agree
R11250012,B11602605,Disagree
B11502029,B09301056,Agree
B11205017,B10204015,Agree
B10301102,R10B42033,Disagree
B11202150,B10701108,Agree
B10301072,R11948015,Disagree
B11612055,B09101066,Unconfirm
B09901111,B11402043,Agree
B09A04038,R10622125,Disagree
B10401072,B08101097,Unconfirm
R11A21043,B11506005,Disagree
B08504004,B11508024,Disagree
R11642009,B11201168,Disagree
B09301808,B10615004,Agree
B09101066,R11H43042,Unconfirm
B08614016,B07A06020,Unconfirm
B09901047,B09501102,Agree
B11207052,R11625035,Unconfirm
B08A07057,R11123026,Unconfirm
B11407A03,R11948037,Agree
B11401073,R11524051,Agree
R10522100,B09701101,Agree
R10621039,B10702101,Agree
B09903009,B11802043,Disagree
B09804013,B11611004,Agree
B11408037,R10943008,Disagree
B11101207,R11252087,Disagree
R10943020,B10A02025,Unconfirm
B10203026,B08501046,Agree
R11521079,R11628053,Agree
B10405015,B09408312,Unconfirm
B09102160,B09902002,Unconfirm
B10901141,B11302019,Disagree
B09605034,B09502355,Disagree
B11702089,B08108015,Unconfirm
B10907039,R10522089,Unconfirm
B09607055,R10223009,Unconfirm
B10602091,R10145039,Disagree
R09621004,B08306028,Agree
B10A06035,B10702142,Agree
B10703008,B11702033,Unconfirm
B11404004,B08302150,Unconfirm
B11408312,B08611052,Disagree
B08603133,B11608056,Agree
R10947030,R09622056,Agree
B11403008,B10A05004,Disagree
R10523042,B11701150,Agree
B10605004,B11101150,Agree
B11203044,B09706023,Unconfirm
R11222039,R11929026,Unconfirm
B10903082,B08A01111,Agree
R11A22302,B09501010,Disagree
B11208025,B11701039,Disagree
R10521053,R09944015,Agree
R11225033,R10944034,Unconfirm
B09501239,B11901066,Disagree
R09421057,R11327057,Unconfirm
B08902002,B09401001,Disagree
B10401026,B10408006,Agree
B10703150,R10621049,Unconfirm
B07205022,B08901018,Unconfirm
B06407074,D01941025,Unconfirm
B11401024,B11401072,Agree
B10701001,F09541111,Disagree
R11251026,B11702039,Unconfirm
B10206033,B09101066,Unconfirm
B11303137,B08503032,Unconfirm
B11B05039,B10501013,Agree
R11521046,B09903076,Unconfirm
B09804012,B09502039,Agree
B10706033,B08207054,Agree
F08528003,B11401808,Unconfirm
R09B21102,B06401207,Unconfirm
B11607028,B09500016,Disagree
B09701014,B09618003,Agree
B11102016,B10505015,Agree
R10621040,B10402045,Unconfirm
B09101048,R10243042,Agree
R10621102,B09101017,Unconfirm
B11102010,B11401075,Unconfirm
B10306033,B07408025,Agree
B10103118,R10641042,Agree
B11604049,B08702029,Disagree
R11745032,B07A04016,Agree
B11202302,B11201168,Agree
B10A02010,B09705039,Agree
B10301346,B10307036,Disagree
B10104119,B09506044,Unconfirm
R11252089,B10402159,Unconfirm
B09408312,R09421011,Disagree
B10202039,R09622638,Agree
R10921001,B10802339,Disagree
B10615016,B09301070,Disagree
R10248006,B09601020,Disagree
B10601048,B10302013,Unconfirm
B09802005,B10401240,Unconfirm
B11601006,B11202010,Unconfirm
R09627036,B08A07039,Disagree
B11309007,B05301040,Unconfirm
R11941102,B10503035,Disagree
B08A01216,B10503023,Unconfirm
B09701231,R10921102,Unconfirm
R10727052,B09902039,Unconfirm
R10521046,B11103042,Unconfirm
B10705024,B07102151,Unconfirm
B11701006,R10521231,Disagree
B09204081,R10523042,Unconfirm
B11403044,B11601141,Agree
R11623012,B09402002,Agree
B11202054,B09501143,Disagree
B11205022,B10A08015,Agree
B09408015,B11203050,Unconfirm
B08A02004,B08201240,Agree
R10521039,B10303026,Disagree
B11304047,R11942021,Agree
B11613015,F08921231,Unconfirm
B09702638,R11H41165,Unconfirm
B11305022,B11701013,Agree
R11521119,B09103008,Disagree
B10703035,B11401108,Agree
R11621037,B11612016,Unconfirm
B11202302,B10303076,Disagree
B08201066,B10A01019,Disagree
R10941049,B09403008,Disagree
B08701053,R10721012,Agree
R11941061,B09500016,Unconfirm
B09609019,B10300047,Unconfirm
B10402125,B10401108,Disagree
R11942109,B06205004,Disagree
R09421003,B10202001,Unconfirm
B11203068,B11501168,Agree
B11602002,B11700039,Disagree
B09502039,B12112151,Unconfirm
B08303049,D09B42142,Unconfirm
B10608015,B11405039,Agree
R11941018,B09903035,Disagree
B10605014,B11101044,Agree
B11505022,B11H07074,Agree
B11701042,R11254204,Unconfirm
R11251046,B08A07052,Unconfirm
B11401057,B08207044,Agree
B10508032,B09103044,Unconfirm
B11905033,B09405033,Agree
B10804009,R11641098,Disagree
B11502037,B11903077,Unconfirm
R11921025,B11313023,Agree
B11601060,R11127039,Disagree
B11201061,B11501102,Unconfirm
B10701056,B08614016,Unconfirm
B09102160,B11200039,Agree
B08907074,R10727074,Unconfirm
B08A01015,B11901017,Unconfirm
R11947033,B11203018,Disagree
B11304026,R10523023,Agree
B11201056,B08A01019,Agree
R11524025,B10A05004,Agree
B09802302,B11101126,Unconfirm
B11601025,B11703036,Agree
R11741120,B10504034,Disagree
B09702217,B10201060,Disagree
B10202355,B11801239,Unconfirm
B10502011,B09902027,Disagree
B10701045,B10508003,Agree
B09902011,B11404013,Agree
B11405020,B09901039,Disagree
R10221043,B10B01037,Disagree
R10727210,B10603050,Unconfirm
B10303035,B08A04003,Agree
B10304049,B10707019,Disagree
B11612083,R11941045,Agree
B08603044,B12112151,Disagree
B09601108,B07108312,Agree
B10203077,R10725022,Unconfirm
B09903035,R10221044,Disagree
R10142087,B11B05026,Disagree
B11613006,R10525022,Agree
B09303020,B08703044,Agree
R11224049,B11107210,Unconfirm
B10708015,B10601012,Disagree
B11B05026,B10705004,Agree
B10701152,B08508053,Unconfirm
B08A02045,B09802127,Disagree
F09441240,B11901046,Unconfirm
R10921011,B11901010,Agree
B10509007,B11701119,Disagree
B10701091,B07A06020,Disagree
B09A03038,B11105004,Agree
B11H07022,B11H02019,Agree
B10901216,B11401057,Unconfirm
B11703010,B11208015,Agree
B10402009,R11942010,Agree
B08703044,B10503065,Unconfirm
B10A05003,B11605032,Agree
B11402029,F09542127,Disagree
B11101150,B11H01A01,Disagree
B10704051,R11949007,Unconfirm
B11502087,B11H02039,Unconfirm
B10501168,B11501108,Unconfirm
B11903055,R10141217,Agree
B10701098,R10941025,Unconfirm
R11944070,B06201072,Disagree
B10701102,B10302037,Agree
B08201240,B11400015,Unconfirm
B09901126,B11502034,Unconfirm
B09108015,R10632028,Disagree
B10A02019,B10301072,Agree
B11404038,R10921102,Unconfirm
B10706023,B08703038,Agree
B11203006,B09903015,Agree
B11704016,R11642024,Unconfirm
B10501012,B10605005,Agree
B10201A01,B10202159,Agree
B11602021,R11521346,Disagree
B09907021,R11941072,Disagree
R10942084,B11B07054,Unconfirm
B10302102,R11745032,Unconfirm
R10941165,T11301102,Disagree
B11402091,B11612056,Agree
B07A05004,B10204049,Unconfirm
B10407044,B09302159,Unconfirm
B11601056,B11619019,Unconfirm
B11902339,B09102043,Agree
B11618003,B11503118,Agree
B10302039,B11602021,Unconfirm
R11523068,R10521012,Unconfirm
B09103057,R11525004,Agree
R11945034,B11401102,Agree
B11613042,R09625015,Unconfirm
R11621026,R11641808,Agree
B11901217,R11647013,Disagree
B11402021,B10601056,Agree
B09605055,B10205033,Agree
R10228056,B10201015,Agree
D05945004,B08A04081,Unconfirm
B11505022,B09705020,Disagree
B09303008,B10601141,Disagree
B09601231,B11101004,Disagree
R10631079,B11401004,Disagree
B08A07044,B10701041,Disagree
B11201150,B08611075,Unconfirm
B10703008,B10401212,Agree
B09601020,R10146035,Unconfirm
B11302010,B10601141,Disagree
B08801003,B10203020,Unconfirm
B11601039,B10801346,Disagree
B08A08053,B08302101,Disagree
B09401330,B09501047,Disagree
B10107020,R11126028,Disagree
B09505022,B09505024,Disagree
B08703133,B10604013,Unconfirm
R11123044,B11401004,Agree
B10202605,R11522021,Agree
R10228056,B11611150,Unconfirm
B10107030,B09102160,Disagree
B08901015,B10205004,Disagree
B11202142,B11701041,Unconfirm
R10927039,B10505024,Disagree
B11401079,B10104034,Unconfirm
B11201102,B10104038,Agree
R11H42028,R10141204,Unconfirm
B10A08118,B09102101,Disagree
B08611052,R11125055,Unconfirm
B10A03050,B10506035,Agree
R11527054,B09402054,Disagree
B09301211,B09905015,Agree
R10321211,B11901102,Unconfirm
B10401010,B08501049,Unconfirm
B10602125,B11611120,Unconfirm
B09903015,R11224015,Unconfirm
B11502054,B09503008,Disagree
R11941037,B08A03035,Unconfirm
B09101073,B11101102,Agree
R11127019,B09301018,Disagree
B08A01016,R11H41143,Agree
B11102115,B08A08015,Unconfirm
B10101072,R08121026,Agree
B11708025,B10509011,Unconfirm
B11205022,B08702010,Agree
B08503042,B09502043,Agree
B10A08006,R10541053,Disagree
R11942019,B10407019,Disagree
B11502605,B11403048,Unconfirm
B10401143,B08602039,Unconfirm
B09501102,B10807013,Disagree
R11A25034,B11703032,Agree
B11611006,B11H07210,Agree
R10920039,B09902010,Agree
B10604026,B09107044,Disagree
R10B41109,B11H01102,Disagree
B09909021,R11251025,Agree
B11703010,B10201037,Disagree
B10303012,B11H02717,Agree
B11107039,B10205015,Agree
B10A05004,B08101043,Unconfirm
B09303118,B10601159,Unconfirm
B10302142,B10702001,Unconfirm
R11521346,R09B22033,Disagree
B11602717,B11901217,Unconfirm
B09903044,B10504004,Agree
R10948118,R11628023,Unconfirm
F10948032,R10521053,Unconfirm
B09301015,B11203008,Disagree
B10301043,B11401037,Agree
B11402010,B11705004,Disagree
B11203116,B09704011,Agree
R10443068,R10944009,Unconfirm
B11101102,B09301808,Unconfirm
B11905007,B11704015,Unconfirm
B09703026,B11901808,Agree
B10603009,B08503032,Unconfirm
B10101013,B10701091,Agree
B11605004,R11527052,Disagree
B10801004,B09105003,Unconfirm
R10941025,B11201216,Disagree
B09905005,B10603049,Unconfirm
B08A04013,R10941808,Unconfirm
R11622054,B08902039,Agree
B11602043,B10502009,Agree
B11101039,B09705005,Disagree
B08801150,B09507021,Agree
B11105017,B10704011,Disagree
R10321004,B07201004,Disagree
B09502025,F09442034,Agree
R10443049,B10501060,Disagree
B11705022,B10A05009,Disagree
B09603050,B08302106,Agree
B10704081,B11H01A01,Unconfirm
B09101168,B08601150,Agree
R07223142,B11902101,Agree
B08A01102,B10101240,Unconfirm
R10142037,R11A22029,Disagree
R10621101,R11527044,Agree
B11104204,B08502129,Agree
B11615009,B08806023,Unconfirm
R11442029,B11601044,Disagree
B11402045,B10301168,Unconfirm
R10221075,B08701365,Unconfirm
B09102302,B11402119,Disagree
B08102106,B08902029,Disagree
F10942024,B11H01212,Agree
B10603012,B09A07044,Agree
B11907210,B11502039,Disagree
B11901024,B09501216,Unconfirm
R11251066,B11202054,Unconfirm
B10201082,B10503032,Unconfirm
B09A05024,B11409007,Unconfirm
B11701165,B08A02091,Unconfirm
B10A01241,R11251053,Unconfirm
D05941102,B10101044,Unconfirm
B08A01204,B09A01240,Disagree
R11A21014,D03941056,Disagree
B10303018,B10303003,Disagree
B09402261,B10102036,Disagree
B09902043,B09304081,Disagree
B11615016,B10502119,Unconfirm
B08A02605,B11H01053,Disagree
R10945022,R10631037,Agree
B10A02125,B11702025,Unconfirm
B09704013,R11124013,Disagree
B09907028,B10202054,Disagree
R09628056,B10203036,Agree
B10A04034,B11H01041,Disagree
B07101037,R11A22010,Unconfirm
B09504011,B11602025,Disagree
R09628015,B09901013,Disagree
B10504026,B11202027,Disagree
B10408006,B11108037,Disagree
R09942125,B10805024,Agree
B11202119,B09105020,Disagree
B10803068,B11203006,Disagree
B11404004,F07441010,Agree
B08317044,B10301168,Agree
R11741015,B11902083,Agree
B10501016,B10201031,Disagree
R11521098,B10102824,Disagree
R10A22084,B09617039,Disagree
B11105022,B11601015,Agree
B11H02019,B11103003,Unconfirm
B10903142,R11253023,Disagree
B11611150,B12111143,Agree
B10702102,B11611A01,Unconfirm
R09622208,R10943077,Agree
B11702006,B09705004,Unconfirm
R11442824,B11504003,Agree
B08203003,B09501041,Disagree
R11252024,R11521808,Unconfirm
B09108015,B11601140,Disagree
R10523118,R11943082,Unconfirm
R10521072,R10631037,Agree
B10504047,B11901010,Agree
B10303035,R11225003,Disagree
B06203050,B09701108,Unconfirm
R11621150,B11402036,Agree
B11501001,B10203050,Unconfirm
R11622339,R10441108,Agree
B11105022,B08501017,Unconfirm
R10545034,D01941041,Agree
R10221072,B10301346,Disagree
B05301017,R10628118,Disagree
B10901060,B09302055,Agree
B08611039,B09507013,Disagree
B09502208,R11221013,Unconfirm
B11B03044,B11708023,Unconfirm
B10301046,B11907057,Agree
R11942029,B08617210,Unconfirm
R10321004,B08102109,Disagree
B10901026,R11941061,Unconfirm
B09401037,R11H41165,Disagree
B10201159,B10602160,Agree
B11701006,B11H07030,Agree
R10721240,B10201011,Disagree
B09108015,B11701041,Agree
R11621204,B11401015,Disagree
R11222102,B11402150,Agree
B08614016,B07A03068,Unconfirm
B11102170,R10223082,Disagree
B11402036,B11403012,Unconfirm
B08611217,R08121A01,Disagree
B10202039,B10A06023,Disagree
B10201097,B10201056,Unconfirm
B08105055,R11943142,Agree
D05941A01,R11942208,Unconfirm
B08804051,R10142037,Disagree
B10704016,B10307019,Unconfirm
B10506035,B10302029,Disagree
R10521066,B09602824,Unconfirm
B08601079,B10402045,Disagree
B11402021,B10A03118,Disagree
R11741082,B11403082,Unconfirm
B09605035,R10148015,Unconfirm
B11703150,B09507057,Agree
B10605014,B08509007,Unconfirm
B10101102,B08809080,Agree
R11641231,B10905004,Disagree
B10A01026,B08703133,Disagree
B09901102,B10618004,Disagree
B09503044,B10207A03,Unconfirm
B08106033,B10104015,Agree
B10401001,F08927030,Agree
B08108015,B11602025,Unconfirm
B10611A01,R10521048,Disagree
B11108023,B10102013,Agree
R11642125,B11709015,Agree
B10405004,R11949021,Unconfirm
B10302021,B06205004,Unconfirm
R11942824,B10401365,Disagree
B10702001,B09907055,Agree
R09621017,B10803038,Unconfirm
B11203116,B08303035,Disagree
B11401165,B10607039,Unconfirm
B09401330,B06406033,Unconfirm
B10907039,R11746023,Agree
B10A02824,B09101053,Disagree
B09A04051,B11302717,Agree
B10201026,B10702125,Unconfirm
B09501126,B11905009,Unconfirm
B11405026,R07229021,Disagree
B08608025,B10301091,Disagree
R11252045,B09401004,Unconfirm
B09A02033,B11702039,Agree
B09907210,R11941072,Unconfirm
R11124015,B10301079,Unconfirm
B10202170,B11405017,Unconfirm
B06203039,B09A00011,Unconfirm
B10611052,B10502638,Disagree
B09405033,B10A01043,Disagree
B11606015,B11618024,Agree
B09801010,B10101031,Unconfirm
B10601011,B10303045,Unconfirm
B10507013,R11251016,Unconfirm
B09701072,R10722013,Unconfirm
B10611061,B10503049,Unconfirm
B08502070,B11312091,Unconfirm
B11102101,B09504013,Agree
R10521A01,B11703040,Unconfirm
R11942024,B11602261,Unconfirm
R11252261,D03941141,Agree
R11945024,B10207039,Unconfirm
B08301217,B10305014,Agree
B09902027,B11702033,Unconfirm
R10521140,B10603044,Agree
B11902100,R10321057,Unconfirm
B11700039,B11H08025,Agree
B11903049,B10401012,Agree
B10601204,B11613042,Agree
R10442036,B08105004,Unconfirm
R10221011,B08A02004,Disagree
B11701060,B11402034,Unconfirm
B10608312,D01941016,Agree
B11301097,B09405033,Unconfirm
B09701108,B10402084,Agree
B09501024,D03941072,Disagree
B11702170,B08313048,Agree
B11400047,B11602638,Agree
R11624025,R10941082,Disagree
B09503055,B10308003,Disagree
B11103082,B09901240,Unconfirm
R10541061,B10201048,Unconfirm
R10943032,B09901011,Unconfirm
B11901016,R11521808,Unconfirm
B11901047,R11941098,Disagree
B10202033,B11504034,Disagree
B10904016,B10501012,Agree
B11601102,B08301053,Unconfirm
R10A21048,B10603152,Unconfirm
B10701141,R10641039,Disagree
B11614026,B06404025,Disagree
B07401347,B09100011,Disagree
B11103018,B10202302,Unconfirm
B09A02150,B08305020,Disagree
B11101049,B10501102,Agree
R10522010,B10705024,Unconfirm
B08801150,B11402150,Disagree
R10921018,T11304012,Unconfirm
B10200012,B10605003,Agree
B10107020,B11405014,Agree
B06205017,B11405016,Agree
B11403068,B11501043,Unconfirm
B11601057,B09502010,Disagree
R11943010,B10702005,Disagree
R11523068,B10703044,Disagree
B09103042,R10547210,Agree
B11101004,B08902039,Disagree
B09101022,B08A05032,Unconfirm
R11626028,B11903023,Agree
B11702102,R11252605,Unconfirm
B10400015,B11611019,Unconfirm
R11252127,B10301091,Agree
B08612127,B10608015,Disagree
B11H01056,R11445004,Disagree
B11802102,B11308015,Disagree
B10102056,B10302109,Agree
R11624016,B08617039,Disagree
B11611044,B09804013,Disagree
B08612033,B11204013,Unconfirm
B07A09080,T11307039,Disagree
B08A02056,B11302717,Agree
B08501240,B09500016,Agree
R11622208,B11611006,Disagree
B09306028,B08201126,Disagree
R11H43044,R10523042,Unconfirm
B11605007,B09901212,Unconfirm
B11607044,B11405020,Unconfirm
B11901217,B09907033,Disagree
B08618023,B09905015,Unconfirm
B09402119,B09403006,Unconfirm
B09601231,R09622638,Unconfirm
B07101060,R10441053,Agree
B09402824,B10702091,Disagree
B09705022,B09408015,Agree
B10704081,R10441A01,Disagree
B11302028,B09907210,Disagree
B10601019,B11704009,Agree
R11523006,B09401068,Unconfirm
B09806005,B11615032,Agree
R10631141,B10601043,Agree
B10706023,B09304204,Unconfirm
R11251141,B09701057,Agree
B11H07210,B08201004,Disagree
B10201020,B10612070,Agree
B10701016,B10501120,Disagree
B10501040,B11301153,Agree
B11703009,B11501060,Unconfirm
F10941011,R11529026,Agree
B11B04026,B11H01212,Disagree
R11643116,T11303044,Unconfirm
B09701040,B10901075,Agree
R10521004,B11701346,Agree
B09503008,B11501066,Disagree
T11302006,D01941204,Unconfirm
F07444025,B10502083,Unconfirm
B08305020,R11445016,Unconfirm
B10503022,B10611052,Disagree
B08501004,B10202115,Disagree
B10701365,B09908312,Unconfirm
B09504070,B10207028,Agree
B09902150,B11705055,Unconfirm
B10701049,R10221044,Disagree
B11611126,R09623023,Agree
R11523137,R11251108,Disagree
B10601019,B11701216,Agree
R11H49015,B09401037,Agree
B11107027,B09303050,Unconfirm
R11442160,B10808004,Disagree
R10921018,B09902043,Agree
B10301082,B09501240,Disagree
B11612002,B08A03055,Agree
B10603065,B10605024,Unconfirm
B11402261,B07A02054,Agree
B11508004,B11901043,Agree
B10301082,B10402027,Disagree
B10802006,R10541204,Disagree
B09902027,B12112151,Agree
F08921212,B10501060,Agree
B10705005,B10407036,Unconfirm
R10647033,B11102115,Unconfirm
B09507039,B11707023,Disagree
B11H01079,R10943032,Disagree
T11301006,B11902119,Unconfirm
B11601231,B07A04119,Disagree
B10802025,B10701098,Disagree
D01945004,B11H01039,Unconfirm
B08107039,B10903082,Disagree
B10A07028,B11105034,Unconfirm
B10203023,B10203020,Disagree
B10709021,B10308003,Agree
B11702028,B11613035,Agree
R11922001,R11121012,Disagree
B09604035,B10102056,Agree
B08A02150,B10A01240,Unconfirm
B09403077,B11502109,Unconfirm
B10702084,B09A03038,Unconfirm
B09801010,B09702031,Agree
R11A25005,B10704012,Unconfirm
F08920016,B06202045,Unconfirm
B08705024,F07443028,Disagree
B11301097,B09103044,Disagree
T11305024,B11408037,Unconfirm
B09508025,R10941204,Unconfirm
B10105022,B08902013,Unconfirm
B11H01159,B11500027,Agree
B08101207,B10403012,Disagree
B10403118,B10101019,Unconfirm
B11406023,B10508003,Disagree
B09809021,B08701068,Unconfirm
B10202043,R09624035,Agree
B09701240,R09421347,Agree
R11642039,B11103018,Disagree
B08101010,R10221012,Unconfirm
R11921A01,B11402010,Disagree
B09902054,F09444004,Disagree
B09A02355,B10407052,Agree
B10B05007,R10621102,Unconfirm
R10727210,B11107023,Agree
B11602043,B10802339,Unconfirm
B11701039,B10A04034,Disagree
B10104204,B09603008,Disagree
B08611070,R10542089,Agree
B11611240,B10601102,Unconfirm
B11203082,R09421141,Agree
B11303065,B10303045,Disagree
B10309019,B11619019,Unconfirm
B11203044,B11702056,Unconfirm
B11907210,R09941010,Agree
B10901057,B10A02127,Unconfirm
B08611152,B11507052,Agree
B11611016,B08100047,Disagree
R10521043,B11615034,Agree
B09108118,B10A01079,Disagree
B08614034,B09504016,Disagree
B11201066,B11109019,Agree
R11520011,B09A03042,Agree
B11901010,R10541057,Agree
F09441259,B08505016,Disagree
B10603018,B11605005,Agree
B11903044,R10944013,Unconfirm
B10607030,B09608023,Agree
B10603012,B09902355,Agree
F08524013,B09105026,Unconfirm
B11608015,B09601048,Unconfirm
R10222039,B11304204,Unconfirm
B10402638,B10102025,Agree
B10304013,B11613068,Agree
B07203068,B09401066,Disagree
B11801102,B10A07023,Agree
R11641140,B08704025,Agree
R10242087,R10521019,Agree
B10903008,R11922005,Agree
B11203042,R11H43150,Disagree
B11707013,B09402028,Unconfirm
B06402022,B09902106,Unconfirm
B08A01231,B11403057,Disagree
B11708037,B09401068,Agree
B09501025,R11A22217,Agree
B10901072,F10941011,Disagree
B10903008,R10621091,Agree
B11201017,B08701019,Unconfirm
R09625007,B11201066,Agree
R11642039,B10601097,Disagree
B10201043,B11101053,Disagree
B10704093,B10501026,Agree
D01944015,B10A03008,Unconfirm
B11611053,F09549080,Agree
R10524009,B10A02102,Unconfirm
B10101011,B10501041,Agree
B11611070,R10527022,Unconfirm
B09905009,B11611204,Agree
B11103040,R11645036,Unconfirm
R11A21020,R11441019,Disagree
B10505004,R11921346,Disagree
B11100011,B09101037,Unconfirm
R11924016,B10102638,Agree
B06201092,B11708053,Unconfirm
F07448003,B09101109,Unconfirm
B11205007,B09A05003,Agree
B11505007,B11602002,Unconfirm
R10528023,B09908023,Disagree
B11404034,B10601140,Agree
B11301168,B09501010,Agree
R11222001,B08501037,Agree
B11H08118,B10708015,Unconfirm
B09611056,B09601011,Unconfirm
B11901011,R11622125,Disagree
B11H05017,B11201066,Disagree
R10524204,B11102302,Unconfirm
B11904119,B11403039,Agree
B10A01043,B10901026,Agree
B11505055,R10A21048,Agree
B11702115,B10307039,Agree
B09505060,R11H42102,Agree
R11522025,B10901141,Agree
B10A01026,R10721012,Agree
B09306044,R08125032,Agree
B09902055,B09608006,Disagree
B09502355,B09502010,Unconfirm
B11101141,B09501044,Unconfirm
R10521211,B09501240,Agree
B10201347,B10702824,Agree
B08901011,B11901098,Unconfirm
R11A21047,R11947013,Unconfirm
B11709080,B11314012,Unconfirm
B08603032,B08601011,Agree
B11202127,B09901024,Unconfirm
B10A07021,B09108024,Disagree
B09901126,B10501068,Agree
R10A21073,B06203018,Disagree
B09901A01,R11626015,Unconfirm
B11701024,B10303026,Disagree
R10942039,R11H49080,Unconfirm
B11B02170,B10702054,Agree
B09702045,B11203009,Disagree
B10901004,B10801150,Agree
D09B41043,B10403020,Unconfirm
B10702355,B10203049,Disagree
R10631037,B11201031,Agree
B11201126,B09601365,Unconfirm
B10803038,B09407030,Unconfirm
B10503028,B07A02100,Agree
B10406033,B10201140,Agree
F08921019,B11406015,Unconfirm
B09901020,R07228312,Disagree
R10636005,B10602043,Disagree
B09501060,R10522004,Unconfirm
B11B02043,B10903082,Disagree
B09903009,B10903049,Unconfirm
B09A02019,R10927039,Disagree
B11901016,B11102125,Agree
B11H04204,B08501101,Agree
B09904081,R10222054,Agree
B11509080,B10301204,Unconfirm
R11522102,R10941046,Disagree
B09306044,R10721066,Unconfirm
B11704038,B10901026,Unconfirm
R10621040,R10528023,Agree
B10209015,R11643082,Agree
R11926033,R10544051,Disagree
B11400027,B10501015,Agree
B10611140,B10202021,Disagree
B11611006,B08102106,Unconfirm
B10102025,B10502302,Disagree
B11701204,B08611808,Unconfirm
B11101048,B11205003,Unconfirm
B09401037,F07441153,Disagree
R11442125,B11102039,Agree
B06201024,B07201004,Disagree
B09901024,B10202039,Unconfirm
R09626044,B09603008,Disagree
B10903082,B07202043,Agree
R11H42010,B09905035,Agree
R11621070,R11258015,Unconfirm
F10941150,B11602091,Agree
R10142025,B07A02054,Disagree
B11603032,B08614016,Agree
B10300039,B10304204,Agree
R09620015,B11615032,Unconfirm
R10223028,B09604017,Disagree
B11302028,B09401016,Agree
B09801240,B08A02029,Disagree
B11615017,B11202126,Agree
B06401240,B10603009,Disagree
R11942101,R11947044,Agree
B11603150,F08921004,Unconfirm
R11620012,B08502129,Unconfirm
R08123036,B10902024,Unconfirm
B09502102,R11222217,Disagree
B11403022,B09601016,Disagree
B09405033,B10402039,Disagree
B11H02002,B08202717,Unconfirm
B08901061,B10603048,Unconfirm
B11101048,B10701037,Disagree
B11701015,R10445060,Agree
B09701108,B10102009,Unconfirm
B11802025,R09625016,Agree
R11222125,B09709021,Unconfirm
R10321015,R10A22055,Unconfirm
B10501168,R11322100,Disagree
B10401048,R11940016,Disagree
B09602011,B11701143,Agree
R10941004,B10505015,Agree
B10400047,B09704009,Unconfirm
B11611102,B10201072,Disagree
B09603055,R10942006,Disagree
B11101004,R10B48024,Disagree
B08701365,R11221013,Disagree
R10943152,B09501015,Disagree
B08102089,R10921018,Agree
R10929007,B10801010,Disagree
B10404004,B09601039,Unconfirm
D09B41102,B10801A01,Unconfirm
B11305009,B11202208,Disagree
B10603048,B11603008,Disagree
B10203008,B09906015,Agree
B10503028,B11612043,Disagree
B11B05026,R11646044,Agree
B09701168,R11322100,Agree
B11612010,B08902109,Unconfirm
B08701048,B10601006,Agree
R11922027,B08904204,Disagree
R10631015,B10304016,Disagree
B11401101,B11203018,Agree
B09402083,B10203077,Agree
B11801239,B09611043,Agree
B10401072,B10101150,Unconfirm
B10701042,B11707074,Disagree
B08A09026,B11205003,Agree
R11942025,B10605026,Agree
B09A07021,B10301001,Unconfirm
R09627039,B08204012,Disagree
R10622045,R10521239,Disagree
B10705024,B11104011,Disagree
B09507021,B11701070,Disagree
B09303055,B10707023,Unconfirm
D05944047,B09408025,Disagree
B11201101,B11105003,Disagree
B09601048,B11702056,Unconfirm
B11603009,B10203035,Unconfirm
B09502014,B11902055,Agree
R11924013,B10601102,Unconfirm
B10406044,B09703044,Disagree
F10943032,B10902024,Agree
B11501043,R10321046,Agree
R10642087,R10522029,Agree
T11302638,R11928312,Agree
B11201070,B10801010,Disagree
R11A22217,B10201018,Disagree
R10221102,B11201047,Disagree
B09904034,B08705024,Unconfirm
R11927021,B09401098,Disagree
R11A22217,B10A01109,Unconfirm
B10501120,R11523012,Unconfirm
R10521216,R10725055,Disagree
B11101207,B08302125,Disagree
B09500027,B11102119,Agree
R09624204,B08501006,Unconfirm
B10905007,B10607030,Agree
B10303003,B10401140,Agree
B09603006,B11602302,Disagree
R11942056,R11942125,Agree
B10301091,B09907210,Unconfirm
B11108015,B11201024,Disagree
B10803082,B09501346,Unconfirm
B10401111,B11611111,Disagree
B08614009,R10522106,Agree
R11941043,R10727210,Unconfirm
R11641140,B11311016,Agree
B11611216,B11602019,Agree
R09B21046,B10401240,Agree
B09A07054,B11401042,Agree
R10941029,B08A04012,Agree
B10705003,R11527039,Disagree
B09A01068,B08808032,Disagree
B10611165,B11605014,Unconfirm
B10901068,B10A05007,Disagree
B10304016,B11503142,Agree
R11121016,B11612717,Agree
B09805028,B10505004,Unconfirm
B11108032,B10201046,Disagree
B09503082,B11505022,Disagree
R11321046,R10548037,Unconfirm
B11401259,R11641073,Disagree
B08701045,R11942070,Unconfirm
B11602302,B11604026,Agree
B09A01168,B10302126,Unconfirm
B08314070,B09103008,Disagree
B11302016,B07A01108,Agree
B09402125,R11641003,Disagree
R11444081,B11100039,Unconfirm
B10901019,B11902002,Agree
B11102125,B10700011,Agree
R11626015,B11H01001,Unconfirm
R10441053,B10303018,Disagree
R10521043,B10405004,Disagree
B09401102,B10A01024,Unconfirm
B11H00015,B06203018,Disagree
B10603048,B06401240,Agree
B10603020,B09602142,Disagree
R11943020,R11941025,Agree
B10202039,R10924035,Agree
R10723042,B09301010,Unconfirm
R09B21126,B11101006,Disagree
B10601102,B11905024,Disagree
R11942016,B08617022,Agree
B11H03032,R10721026,Disagree
R11A22261,B10701011,Disagree
B08A05022,B11901016,Disagree
B11103082,R11941026,Agree
B10403048,B11905007,Unconfirm
R08121041,B09902102,Agree
B10701102,R10944009,Agree
B11201039,B11401153,Agree
R10947022,B11601056,Unconfirm
R11251041,B11203065,Unconfirm
B12110039,B11612126,Unconfirm
R10941101,B09603026,Agree
B09604013,B06402029,Unconfirm
B10103045,R07222029,Disagree
B11701037,B09300027,Unconfirm
B11805026,B10A01011,Unconfirm
B08202036,B10405004,Unconfirm
B10502009,B10707054,Unconfirm
B10901001,B11105036,Disagree
B10A01119,B11305026,Unconfirm
R10448015,R10523048,Agree
B09804004,B09901150,Disagree
B05302005,B11501070,Unconfirm
B06201092,B10307020,Unconfirm
B11102087,B10307020,Agree
B11405005,B08603032,Agree
R10921045,B09604003,Unconfirm
B09407020,B11604049,Unconfirm
B11611015,B11402056,Unconfirm
B09903003,B11617039,Unconfirm
B10901159,B08102022,Disagree
B10A05007,B09901052,Unconfirm
B10A02106,B08902127,Agree
B11604051,B09303020,Agree
B10102025,B11301150,Disagree
R11256041,B10605024,Disagree
B10103026,B09401309,Unconfirm
B11602208,D03941026,Agree
B10702054,B11602056,Unconfirm
B10102142,R10942021,Disagree
B09402106,B11108024,Unconfirm
R11H43118,B08704016,Disagree
B11202115,B09407030,Agree
B08501066,B11101019,Agree
B09301079,B09903044,Agree
B10702025,B10904049,Disagree
B09905005,B11611153,Disagree
B10201207,B09504013,Agree
B10208024,R10A25017,Unconfirm
B10902021,B11H01061,Unconfirm
B11908032,B11101052,Disagree
B10202605,B09301150,Unconfirm
R09B21015,B10501153,Unconfirm
B09A02087,B08902010,Unconfirm
B11205004,R11929011,Unconfirm
B11205007,B10702160,Unconfirm
B10302151,B11H05015,Disagree
R10524051,B10302025,Unconfirm
B10602217,B10502142,Disagree
B09801014,B10502028,Unconfirm
B09604013,B10208056,Unconfirm
B09901143,B08501037,Unconfirm
R11523012,R10729011,Disagree
R10244038,B09A09021,Agree
B09601016,B09502025,Unconfirm
B11901098,R11926033,Disagree
F10943026,B11102021,Unconfirm
B09802010,R10722089,Agree
B09905009,B09500016,Unconfirm
R11528024,B09301150,Unconfirm
B11H01159,B11602002,Unconfirm
B11401010,B10101120,Unconfirm
B10703038,B10300027,Unconfirm
B09501073,B11401037,Agree
R09625016,B11201056,Agree
B11101091,B07106044,Agree
B08612087,R10641231,Disagree
R10641031,R10927039,Unconfirm
B11405055,B10A06023,Disagree
B10708025,B08902039,Unconfirm
B11701060,R11945034,Disagree
B08901011,B10108006,Agree
B07A06005,B08104011,Agree
B10701239,B09301082,Unconfirm
R11442824,B07A03028,Disagree
F08921212,R10943032,Agree
B09507033,B09901347,Disagree
B08A01072,B11903118,Unconfirm
B09401207,R11943082,Unconfirm
R11945020,B11303026,Agree
R11641309,B10101004,Agree
B11402039,B08101168,Disagree
B09902102,B10503008,Disagree
B11501126,B10502006,Unconfirm
B10A02142,B11705033,Unconfirm
B10408015,B11704013,Unconfirm
R10621091,B09611075,Unconfirm
B11102125,R11943008,Agree
R10928037,B09105032,Unconfirm
B10A05024,B08204004,Unconfirm
R09421231,B11403012,Disagree
B09901365,B11B02043,Disagree
B11612717,B09701109,Agree
B08703035,R10522036,Unconfirm
B10701049,R10943028,Agree
B10304047,B10201043,Disagree
B11704081,B10901111,Disagree
B09304204,R10942208,Unconfirm
B09702217,B10704012,Agree
B10301011,R11223035,Unconfirm
B09904026,B09701043,Agree
R09941120,B11402638,Agree
B08A09019,B11103023,Disagree
B08610047,B09303020,Agree
B10901060,B09405055,Disagree
R11228006,R08125032,Unconfirm
D09B43006,B06207044,Agree
R11223118,R10224013,Agree
R11H42170,B10702004,Agree
B10103003,R11251159,Unconfirm
B09503082,B08702006,Agree
B11404081,R09B22084,Unconfirm
B10608023,B08311012,Unconfirm
B10102024,R11927022,Disagree
B10405009,R10622087,Disagree
B09907055,R10729011,Unconfirm
R11527039,B10301060,Agree
R10632638,B10401309,Disagree
B11501120,B11H01098,Disagree
B10702043,B11603006,Unconfirm
B10601004,R10143038,Agree
B10708015,R10941140,Disagree
B09908004,B11704011,Unconfirm
R10542089,R09B29007,Disagree
B11705035,B09602091,Unconfirm
R09627036,R11A22160,Agree
B10605014,B07203082,Disagree
B08612151,R10540011,Disagree
B11502339,B10601022,Agree
B10102109,F10942100,Agree
B11901072,B09703040,Unconfirm
B10201165,B09402106,Agree
B11502217,B11702083,Disagree
B07101075,B10502009,Disagree
B11402084,B11603077,Unconfirm
B11502027,B09407020,Unconfirm
B11H07210,B10701056,Agree
B11904093,R11127019,Unconfirm
B08602261,R11523026,Agree
D01946020,B10401365,Agree
B10506015,B10401108,Agree
B09A01004,F08522016,Disagree
B08A05016,B09101056,Disagree
B09402106,B11904047,Disagree
B10404012,B10306015,Disagree
R11929026,R11921808,Disagree
B09301015,R08123023,Disagree
R11628312,B10508023,Agree
B09402127,B07A03068,Disagree
B11H07020,R11646033,Disagree
R11522102,B10207044,Agree
R10632115,B09603006,Disagree
B09101061,B11905007,Agree
R09942126,B09902045,Disagree
R10223044,R09621037,Agree
B11100039,B11402036,Disagree
B10301037,B10107030,Unconfirm
B11702043,R11H44049,Unconfirm
R11123023,R11922027,Disagree
B09701015,F10941150,Disagree
B10901141,B11702302,Disagree
B09705055,D01943015,Disagree
B11702002,B10602302,Unconfirm
B11704013,B11402170,Disagree
B10201240,B11204047,Agree
F09543006,R10927039,Disagree
R11928032,B08904038,Agree
B11615016,B10104038,Unconfirm
B08501001,R11625035,Agree
B11505004,R10523116,Disagree
B09901168,B09503068,Unconfirm
B11400027,B11801001,Unconfirm
B09901072,D10627074,Disagree
B11102717,R10444035,Unconfirm
B10A05005,B09401365,Disagree
B11301075,R11641025,Agree
B10902159,B09101101,Unconfirm
B11906028,B10405009,Agree
B09904034,F07440012,Agree
B09203003,B10908118,Unconfirm
R11222070,B09102102,Agree
B10700011,B10603039,Agree
B11612142,B11202010,Agree
B11501043,B09605004,Disagree
R09B21026,B10806015,Disagree
B11507052,B11901024,Unconfirm
R11528024,B08802217,Disagree
B10701031,B10101020,Agree
B09805028,B11400047,Agree
B09301010,B08801003,Disagree
B08702010,B09A02002,Agree
R10944016,R09943023,Disagree
B11619019,B08803137,Unconfirm
B11100011,B10A06020,Agree
B08A02004,R11520011,Disagree
R11949021,B11202115,Agree
B11101057,B09303039,Unconfirm
B11503022,B11203042,Disagree
B06403077,B11301082,Disagree
B10506033,B09908053,Agree
B10A05003,B07103042,Unconfirm
B11203116,B09908023,Disagree
B11H01053,B10505009,Unconfirm
R10441010,B10201212,Agree
B09901102,R08123142,Unconfirm
B10207013,B09104026,Agree
B10201056,B11707057,Agree
B11401026,B09902115,Unconfirm
B09503150,B08105022,Agree
B10701053,R11945020,Agree
B09402014,R10221025,Unconfirm
B09A01217,B09401240,Agree
R11621019,B10108037,Agree
B10501012,B10603152,Disagree
B11102021,B09703020,Agree
B09A01140,B08904204,Unconfirm
B11700016,B11102159,Agree
B11B04015,B10103035,Agree
B08301082,R11441019,Unconfirm
B11303065,B11602009,Unconfirm
B07202043,R10221011,Disagree
B10606005,B11605026,Disagree
R10942125,B09601039,Unconfirm
B09906028,B10802039,Unconfirm
B11706041,R10A21039,Disagree
B11H03032,R09B23050,Unconfirm
B10601A01,B10503116,Unconfirm
R11327036,B09502025,Unconfirm
B11601060,B11901231,Disagree
B09402355,R11746023,Unconfirm
B11701017,B11107033,Unconfirm
R10924012,B10307021,Agree
B11203023,B11H02039,Agree
B11502009,R11H47057,Agree
B11403076,B09902054,Agree
R10521072,B10703003,Unconfirm
B08201049,B11902087,Disagree
B10619015,B09401204,Agree
R11522302,R11945016,Unconfirm
B11904009,B09402106,Disagree
B11102638,B09701168,Unconfirm
R10A25004,B09201347,Unconfirm
R11251011,B11203082,Unconfirm
B10804009,B11614026,Unconfirm
R11227028,B09102043,Unconfirm
B09A03039,D05941204,Agree
D05942009,B08306023,Agree
B10A01043,B10804051,Unconfirm
B10703035,B11701037,Disagree
R10523042,B10701011,Unconfirm
B08901072,B10102824,Disagree
B11314013,B11612126,Agree
B10805024,R09622013,Unconfirm
B10703039,R10A21070,Disagree
B11616023,B11700047,Unconfirm
B11B02170,D05941A01,Disagree
B09602011,B11304026,Disagree
B11701141,B11313036,Agree
B11501075,B09403008,Unconfirm
B11701017,B09500047,Agree
R10327013,R11H42102,Unconfirm
B11105004,B10705060,Agree
B10202106,B11604038,Unconfirm
B07A09080,B10101098,Agree
B08A01048,B10605014,Unconfirm
R11942001,B07207054,Unconfirm
B07101004,B06408015,Unconfirm
B08612150,B11401001,Agree
B07204034,B11101019,Unconfirm
R11941204,R11259021,Disagree
B10604017,B08508015,Unconfirm
B10501259,B11401016,Unconfirm
B11601004,B11402016,Agree
B10103010,B11611068,Agree
B11401072,B08A07044,Agree
R10244026,R10922029,Disagree
B11201102,B08101207,Unconfirm
B11H01039,B09502125,Agree
R10625033,B09101043,Unconfirm
B09507021,R11221211,Agree
B10708032,R10528023,Disagree
R10541102,B11607036,Agree
R10223044,B11611015,Agree
B11601068,B08503042,Unconfirm
B11405014,R11522039,Disagree
R10921102,B11402087,Unconfirm
B11701024,B11904049,Unconfirm
R11624204,B11201150,Agree
B08311019,B09807210,Agree
B10802717,B11206023,Agree
B11508025,R10543040,Unconfirm
B09301120,R10242054,Agree
B09A01056,B09603049,Unconfirm
R11222006,B09301330,Agree
R10723082,B10702101,Disagree
B08502027,B09404013,Agree
B08907030,R10545034,Unconfirm
B08612115,B10A03055,Agree
B09402089,B11502010,Agree
B10607039,B11502109,Unconfirm
B10802605,B09401119,Disagree
B09908023,B11702091,Unconfirm
R11441016,B11403044,Unconfirm
B10701365,B11702089,Agree
B09804004,B10308118,Agree
B07402717,B09401217,Disagree
B09405028,R09622056,Unconfirm
B09611240,B08201006,Agree
D10628032,B10202025,Disagree
B09701012,B09902043,Disagree
B08708024,R11621017,Disagree
B11203048,B11701159,Disagree
B11401097,B08302056,Unconfirm
B09802025,B09305028,Disagree
B09101022,F08521150,Disagree
R10221075,B11901066,Agree
R11124004,B11B02717,Disagree
R10520016,B11902339,Agree
B10602004,B09403045,Unconfirm
B09600047,B11601039,Agree
B10201808,B09A05024,Agree
R10625009,B09802010,Agree
B10502125,B11502043,Unconfirm
B11B02125,F09444004,Disagree
B10101231,R10543035,Disagree
B10102025,B10506015,Unconfirm
B09601047,B09701046,Disagree
B09101037,B11208053,Unconfirm
B11701013,B11611098,Agree
B11612002,B10203044,Agree
B11610011,B11404034,Disagree
B11102102,B11H02033,Unconfirm
B11108015,B09401102,Disagree
B10301165,B10401046,Unconfirm
R11253116,B11407020,Disagree
R10925004,B09402127,Disagree
B10202217,B09400027,Agree
B10701020,B09502019,Unconfirm
B11311004,B10201211,Disagree
B10901082,F07448053,Unconfirm
R11A21041,B09405017,Disagree
R11125020,R10523142,Agree
B11105003,B11509019,Unconfirm
B11502302,B10202151,Disagree
B10A03076,B09A05015,Disagree
B09502355,B09802045,Unconfirm
B09101037,B08902056,Agree
B10901082,B10101024,Unconfirm
B11602125,B11205004,Unconfirm
B10402002,B10404015,Agree
B09902091,R11623077,Unconfirm
B09105032,R09421003,Unconfirm
B06407019,B09405005,Agree
R10248006,B10601044,Agree
B11701204,B10A02055,Unconfirm
B10803039,B08302824,Unconfirm
B08901037,B09306015,Agree
B10A01216,B09602025,Unconfirm
B09401019,B11611006,Agree
R11940012,B11201070,Agree
B10906033,B11702006,Disagree
B11601240,R10221001,Disagree
B10618004,R11A27021,Disagree
B09100015,B08611108,Unconfirm
R10523116,R11743036,Disagree
B10408025,B10A02261,Agree
B08A09019,B10106044,Unconfirm
B06401082,B11901043,Disagree
B08A02160,B11602009,Disagree
R11947039,B09902089,Unconfirm
B10701006,R11A21217,Agree
B10702016,B10801347,Disagree
R11942638,B06401120,Agree
R10242043,B11H02009,Agree
B10205015,B11407021,Agree
B09904081,B10303082,Unconfirm
B11708037,B09103077,Unconfirm
B10701024,B11902025,Unconfirm
B09905028,B11801152,Unconfirm
B09602824,R10142013,Agree
B09402022,R10225014,Disagree
R11943082,B08701057,Disagree
B10405004,B11612208,Disagree
B10203036,T11302006,Agree
B09901102,R10521044,Disagree
B09402125,B11701004,Agree
B10608025,B12111150,Disagree
B09303039,B09301165,Disagree
B10301066,B10201015,Agree
B09701024,R11743036,Disagree
R10920039,B09401204,Agree
B09A02024,B08202717,Disagree
B10902024,B11700047,Unconfirm
R10947074,R11926033,Disagree
R10521024,R10521040,Unconfirm
B11103035,R11251309,Disagree
B11100011,B10202021,Agree
B11507039,B09101017,Disagree
R11252002,B07405060,Unconfirm
R11255036,B10407030,Agree
R10941020,B10501808,Agree
B09801068,B11105004,Disagree
R09625007,B11105004,Disagree
R11943118,B11602019,Unconfirm
B10701091,B06401082,Unconfirm
B11604038,B11B00016,Disagree
R11253068,B09903035,Unconfirm
B11618024,R11941102,Disagree
B09401026,B09617039,Agree
B10402339,B10618037,Disagree
R10721011,B10603003,Agree
B09505007,B09402084,Unconfirm
B09302159,R10631150,Disagree
B10206041,B09106023,Unconfirm
B09902043,B10A02102,Agree
B09A01211,B11305022,Unconfirm
B08800015,B11502014,Unconfirm
B09202089,B10405015,Agree
B09404035,B09702160,Agree
B11701150,B11202302,Disagree
R11942070,B11612102,Agree
B11501239,B09904070,Unconfirm
B11309007,B09401072,Unconfirm
R11253045,R11221240,Disagree
R11943026,B11612125,Disagree
B10201011,B05305005,Disagree
B09614012,B10404025,Unconfirm
B11B04070,R07223040,Disagree
B10501012,B11303020,Unconfirm
B11102010,B11705055,Unconfirm
B09501309,B09404034,Agree
B09601120,B09402125,Agree
B10400012,B10703082,Disagree
D03945015,B09507033,Unconfirm
B09401347,B11104035,Disagree
R10522208,B10A06023,Agree
B08501119,B11908015,Agree
B05305009,B10305005,Disagree
B10701044,B11701004,Disagree
B09902027,B10203049,Unconfirm
B08901060,B08202717,Disagree
B11407039,F07441153,Disagree
B09901026,B11705016,Agree
B10A06028,R08123040,Disagree
R11941018,B11602029,Unconfirm
R09621056,B08507013,Unconfirm
R11441168,B09602106,Unconfirm
B10601140,R11622125,Unconfirm
B12111012,B09602261,Agree
R09B28037,B08605017,Agree
B11903003,B11403065,Disagree
B10301168,B11704013,Disagree
B11312102,B10101029,Disagree
B11501049,B11802043,Disagree
B09A02824,R11442039,Disagree
B10701014,B10701259,Unconfirm
B10601024,B11H03042,Unconfirm
B10603152,B10300039,Disagree
B10907074,F08922302,Unconfirm
B11205022,R11645003,Unconfirm
B11702170,B11307210,Disagree
B11612016,B08105026,Disagree
R11524026,B08A02160,Unconfirm
B09A01240,R10A21052,Disagree
B09618053,B11201141,Agree
R10625032,B11612106,Agree
B11205060,B10202159,Unconfirm
B10101039,B09409080,Agree
B11406023,B11202083,Unconfirm
B09805028,B10103045,Unconfirm
R11225033,B10105036,Disagree
B05309007,B10601082,Disagree
B11407054,B10501037,Disagree
B11902037,R09421347,Disagree
B10602170,R11941082,Disagree
R10622045,R10523022,Agree
R10521239,B11201001,Agree
R10520016,B10302022,Unconfirm
B11402101,D09B49021,Agree
B09301102,B09901070,Agree
B07102115,B11705024,Disagree
R10224047,B10402010,Disagree
B11501108,R10A21092,Agree
R09627030,B10403003,Unconfirm
B11H01037,R10228056,Agree
R10241052,R11625035,Unconfirm
B08902127,B10408037,Disagree
B11608006,B10503023,Agree
B11507052,B11201024,Unconfirm
B09905009,R10542027,Unconfirm
B09A02002,B10504047,Unconfirm
B08103003,R10521330,Unconfirm
B08208024,B10202034,Disagree
B09402039,B11501018,Agree
B10A01102,B10206015,Disagree
B09301004,B10608025,Disagree
B10707019,R10928053,Disagree
B10307210,B10605033,Unconfirm
B10101212,B09301037,Disagree
B11611053,B07402014,Unconfirm
B11102027,R11625024,Unconfirm
B10108015,B10701025,Disagree
D09B43023,B10302005,Agree
B10701168,B10501060,Disagree
R11941075,B09601119,Disagree
B10A01240,B11703036,Disagree
B11502638,B09901039,Agree
B09707028,B09A05024,Disagree
B11706005,B11617052,Disagree
R11526044,B10A00016,Unconfirm
B11401119,B08614016,Disagree
B08705016,B11401006,Agree
B11503142,B10403022,Disagree
B09602010,B11401057,Unconfirm
B11907055,B11706035,Unconfirm
R10527033,B11100012,Disagree
R10521072,B09103008,Disagree
R11123044,B10A03012,Unconfirm
F10944026,B10201126,Disagree
B09806005,B11907052,Disagree
B10905007,B11205024,Disagree
D05949015,B10A03003,Unconfirm
B10402039,R11921020,Disagree
B08317039,R11128015,Disagree
R09621075,B08203068,Unconfirm
B10201204,R11621153,Disagree
B10502025,R11623018,Unconfirm
B06407074,B10401097,Disagree
B10202109,B11101016,Unconfirm
B11701006,B08A02150,Disagree
R11942024,B08707052,Agree
B09405026,B11H00015,Agree
B11403020,B10509007,Disagree
B11704004,R10944049,Unconfirm
R11121031,B11904049,Agree
B10603044,B11105036,Agree
B11608024,B11202106,Unconfirm
B09902717,B11H02070,Disagree
R10521066,B11203057,Disagree
R09621044,R11254119,Unconfirm
B09603116,R11220039,Agree
B11102083,B09408312,Agree
B11700015,B09902043,Unconfirm
B10613036,B10408025,Unconfirm
B11103057,R10223012,Disagree
B11208015,R11522125,Unconfirm
F10944070,B11612217,Unconfirm
B11613012,B11614026,Unconfirm
B09108024,F07441004,Disagree
B11401120,B11701204,Disagree
B11501808,R10722100,Disagree
R11125055,B09706023,Unconfirm
R10220039,F09447039,Unconfirm
R11743044,B10A05005,Disagree
B09701043,B09505003,Disagree
R09424013,B09502102,Disagree
B10702091,B11602089,Unconfirm
B10701037,B10201006,Disagree
R11H43040,B08102036,Agree
B11503028,R11921109,Agree
R10141031,B08A04003,Agree
R10927039,R10943035,Disagree
R09622013,B11401012,Disagree
R11929026,B10A07021,Unconfirm
B09A01010,B10407054,Agree
B11704003,B11602027,Unconfirm
R10540047,B11401102,Unconfirm
R10943038,B10808037,Disagree
B10A02039,B10612043,Unconfirm
B09502638,B09905014,Agree
B09301098,B11H05026,Unconfirm
B10801347,B11704013,Disagree
B10807074,B08A01011,Unconfirm
B08708015,B09900039,Agree
R11H49015,B10103116,Disagree
B09601152,B06408056,Unconfirm
B08903082,B10202039,Agree
F09448024,F08925035,Agree
B10302028,B11402021,Disagree
B11401212,B10703050,Agree
D03945033,B11907052,Agree
B10201026,B10703065,Agree
R10225033,B11H02011,Agree
B10103009,R11441011,Disagree
B08701048,B11601022,Agree
B10603040,F07442151,Disagree
B10703077,B10508003,Agree
R10722021,B11605036,Disagree
B09905060,B11602037,Agree
B09902089,B11901010,Unconfirm
B10102824,B09401001,Unconfirm
B09506023,R11444034,Unconfirm
B10603023,B11101072,Unconfirm
B11702036,B08703077,Unconfirm
B11401015,R10945024,Agree
B11205035,B08202036,Unconfirm
B11102355,B08901037,Unconfirm
B10901119,B10901024,Agree
B09608006,B06207044,Unconfirm
B07405024,B09601046,Disagree
R11442039,B10101102,Agree
B09A01040,B08807036,Agree
B10504013,R10225007,Unconfirm
B11704049,B11701153,Agree
B09601047,R11H42070,Unconfirm
B10501168,B09504016,Unconfirm
B09602013,B09503044,Agree
B06403077,B10303045,Disagree
R11322056,B11H02605,Disagree
B11908015,B11702006,Agree
B10508032,B09A05024,Agree
B11702159,B08A02091,Unconfirm
B09903068,B11702089,Agree
D10627033,B10401109,Agree
B10202605,B09405016,Unconfirm
R10945015,R09625015,Disagree
B09501024,B08203082,Unconfirm
B09902016,R10526041,Agree
B11702115,B10204016,Unconfirm
B10105022,B11701165,Agree
B09700027,B12112102,Agree
B10902021,R11521079,Unconfirm
R11942029,B11B06044,Unconfirm
B09701006,B10A02055,Agree
B08801003,B11902002,Unconfirm
R11H41010,B11403039,Unconfirm
B11H01052,B10607013,Unconfirm
B11611346,B11B04016,Disagree
B10701102,B10401004,Unconfirm
B08702339,R07222028,Unconfirm
B08903042,B08203133,Unconfirm
B09101022,R11A22006,Unconfirm
R11H42129,B09601004,Unconfirm
B09500027,B11502127,Agree
R10634012,B10101231,Disagree
B08503010,B10102638,Disagree
R10921102,B09500016,Unconfirm
R11941045,R10142025,Disagree
R09621102,F07448032,Disagree
D03949011,F09448024,Unconfirm
B09507033,B08102089,Agree
B10201029,B09509007,Agree
D09B44081,R10545026,Unconfirm
B09700015,B10708006,Agree
B10503032,B10405034,Unconfirm
R10944013,B10201011,Agree
B09202037,R11252127,Disagree
B06400039,B11301040,Agree
B10501346,B10302028,Disagree
B09901207,B08501037,Unconfirm
B11901091,B10603012,Unconfirm
B10408312,B08A01075,Agree
B11H02605,B09403020,Disagree
D03947039,B11202160,Disagree
B08902302,B05302031,Agree
B11701097,B10201015,Disagree
B09405020,B10301015,Disagree
B08A01808,R11251108,Disagree
B10106023,B11501037,Disagree
B11605014,B11902029,Unconfirm
B10302039,B10402011,Unconfirm
B08A02217,B12118015,Unconfirm
B10201040,B09905035,Unconfirm
B09601004,B12115007,Unconfirm
B10A05005,R11621072,Agree
R11222045,B10A03032,Unconfirm
R10942159,B06402022,Agree
B10601022,R11947027,Unconfirm
B11607028,B11702028,Unconfirm
R10623048,F09444011,Disagree
R10223077,F08521241,Unconfirm
B08A02100,B09306028,Disagree
B11701212,B09404012,Unconfirm
D03941026,B08503040,Agree
B11703032,B09901152,Agree
B10502009,R11643023,Agree
B11402717,B10901001,Unconfirm
B11501052,R10726015,Agree
B11501808,B08612010,Disagree
B11H05005,F08522016,Unconfirm
B11611044,B08208015,Disagree
B09303118,R10541346,Agree
B10501102,B08701240,Agree
R11321037,B09103038,Unconfirm
R08125016,B09407036,Unconfirm
R11522039,R10941150,Unconfirm
R09622010,B09302002,Unconfirm
B10611020,B11404070,Agree
R10921239,B11404081,Disagree
B09103118,B09504204,Disagree
R10523022,R10543006,Unconfirm
R11223118,B11104013,Unconfirm
B08501097,B09901109,Unconfirm
R11622031,B10302302,Agree
B11209015,B08102056,Disagree
B08303018,B10302021,Agree
B10404093,B08703076,Agree
B11108023,F07446028,Unconfirm
B08A01043,B10305017,Agree
B08102001,B08801140,Disagree
B09103044,B09701240,Disagree
B10607074,B08501240,Unconfirm
B10201056,B10401048,Disagree
R10241152,R11441109,Unconfirm
R10927039,R10541015,Agree
B11H03026,R10641042,Agree
B11611006,B10101A01,Unconfirm
R10632638,B09507013,Unconfirm
B10A02043,B11500027,Disagree
B10201046,B09102006,Disagree
B11B02091,B10703028,Unconfirm
B11505022,T11307039,Disagree
B09307036,B06201003,Agree
B11405020,B10304204,Agree
B11701012,B08901808,Unconfirm
B10502045,B08A09019,Agree
B11502638,R11943077,Disagree
R11741120,B09603057,Agree
B11701041,B08105022,Disagree
B11311016,R10A21045,Unconfirm
F09541043,B10601056,Unconfirm
B11405024,B10102036,Agree
B10706044,B10618037,Disagree
B08901011,B10A00016,Unconfirm
B10A03142,B09901259,Unconfirm
B09101079,B10202021,Agree
B09701070,R10942027,Disagree
B10502717,R11621072,Unconfirm
B10504081,R11942022,Unconfirm
B10305032,B11105004,Agree
B08201024,R11251043,Unconfirm
B10201097,R11941212,Disagree
B10404016,R10A21073,Agree
B09A04017,B11701168,Disagree
B10701025,B08901066,Agree
B09701140,R11941072,Unconfirm
B11601102,B10103118,Unconfirm
B11601039,B11302208,Unconfirm
B09603042,B11501029,Unconfirm
R11942302,B10407030,Disagree
B11101153,B09301026,Disagree
B10702142,B08507052,Unconfirm
B11504047,B11401056,Unconfirm
B11707013,B11301240,Disagree
R10B42101,B09503150,Agree
B10300047,B09107057,Agree
R11A25034,B09501216,Disagree
B11400047,R10A21119,Agree
R11641056,R11251043,Agree
R09944004,B09101109,Unconfirm
B09901126,B11406028,Disagree
B10602006,B08109015,Unconfirm
B08902127,B10400047,Unconfirm
R10942006,B10603082,Unconfirm
B08A02056,R11221013,Disagree
B10601041,B10701204,Unconfirm
R07220039,B11602054,Unconfirm
R10921240,B10A02087,Disagree
R11524051,B10501001,Disagree
B06405014,R11322009,Agree
B10402717,B11105004,Unconfirm
B08901346,F09544049,Agree
B09902002,B09601022,Agree
B10604003,R09B29007,Disagree
R10948023,B09702034,Disagree
B10303003,B10703077,Disagree
B11502021,B10708004,Agree
R11943142,B10102717,Disagree
B11209019,B11407019,Unconfirm
B10601014,R11A22339,Agree
B08A07057,B09601046,Disagree
R10A21073,B11602006,Unconfirm
B11101011,R10647033,Disagree
B11502055,R10525004,Disagree
T11301109,R11252013,Disagree
B11407020,R11523020,Disagree
B11201068,B08909007,Disagree
R10223049,R10624016,Agree
R11251047,B11403042,Agree
B10703035,B10202355,Agree
B11202127,B08501808,Unconfirm
B11902019,B09505004,Unconfirm
B06401004,B08502006,Unconfirm
B11601102,R11646044,Agree
R10522151,B10302100,Agree
B11707057,B08703116,Unconfirm
B10901141,R10943039,Unconfirm
R11A22302,R09948015,Disagree
R11521046,B06402106,Agree
B11H01001,B09306044,Disagree
B11H03022,B11601204,Agree
R10627057,B10901068,Agree
B07203118,B09601011,Disagree
B11614047,B11501066,Disagree
R11941066,R11940016,Agree
